nombres,apellidos,email,password,telefono,dni,genero,pais
Cosme,Mummery,cmummery0@dropbox.com,E9LyICiGN,391-586-4397,4694127535,Male,Bangladesh
Chuck,Fowgies,cfowgies1@yellowpages.com,EL5JFAlaK,584-300-5375,1849532991,Male,Nigeria
Waiter,Stockwell,wstockwell2@seattletimes.com,JIFPLnNeM,736-770-2693,2253198653,Male,Poland
Bertina,Izon,bizon3@gmpg.org,azt15I8hd,119-867-9441,1696781930,Female,China
Darci,Errington,derrington4@ehow.com,V89koVQwW9u,291-568-6314,5685675265,Female,Indonesia
Alyda,Evennett,aevennett5@canalblog.com,rORJKsrb,705-970-4738,7142543860,Female,China
Trudey,Goggin,tgoggin6@guardian.co.uk,aP4SgfVFTSaO,116-672-2425,8554107569,Female,Canada
Darin,Cornelis,dcornelis7@mayoclinic.com,1n1gCDXACS,130-400-4295,1614513671,Male,Costa Rica
Hester,Gallon,hgallon8@sina.com.cn,hPhZLLr,224-101-8245,8207937388,Female,China
Gilburt,MacDonough,gmacdonough9@techcrunch.com,7yHG91X4hA,375-780-8149,7063429277,Male,Poland
Gretchen,Pavic,gpavica@upenn.edu,1VIaxT,871-702-8960,9874740213,Female,Ireland
Homere,Quinnelly,hquinnellyb@msu.edu,KtSHzzffA,588-409-9349,5465938741,Male,Venezuela
Fianna,Pendrey,fpendreyc@dyndns.org,B9nwfG7Nq,628-495-1922,7887395474,Female,Egypt
Sigismond,Gravenor,sgravenord@adobe.com,5FN8rEp5,329-498-9460,8932293135,Male,Poland
Ynes,Moy,ymoye@wunderground.com,SOzRL4n5,285-781-3972,1043262235,Female,China
Fabe,Barette,fbarettef@biglobe.ne.jp,H5nnj1B,636-962-1152,2831683098,Male,Portugal
Patrica,Corneck,pcorneckg@comsenz.com,K6dorlE,530-234-2823,6633232341,Female,China
Morly,Aggett,maggetth@sun.com,RjTGWjRaIx3t,254-964-6861,8426850175,Male,Sweden
Ninon,Corben,ncorbeni@senate.gov,rE9Zn7,782-696-7581,5906296166,Female,China
Maddie,Maddin,mmaddinj@sitemeter.com,mHLrLGVy,182-890-5017,3609439952,Female,Madagascar
Dmitri,Fairnington,dfairningtonk@dedecms.com,wmgzPnXX6s4,125-506-1735,4467013810,Male,Indonesia
Trixy,Evers,teversl@blogs.com,02rY7gl0CK,470-161-3419,9238718906,Female,Uzbekistan
Fin,Graddon,fgraddonm@independent.co.uk,6nY5kwB2U,550-558-8066,9053205437,Male,China
Chicky,MacFarlan,cmacfarlann@uiuc.edu,tuV5QBwaHY2k,263-235-8645,1959521718,Male,Indonesia
Ashby,Nattriss,anattrisso@mozilla.com,Iikgyuh7O7k,663-767-5138,3228533220,Male,Indonesia
Ardyth,Medland,amedlandp@craigslist.org,CKfUyOCB,404-841-4513,6281888629,Non-binary,Honduras
Ardyth,Kantor,akantorq@gizmodo.com,9C53jIPG,245-893-0747,8395566487,Bigender,Lithuania
Em,Sproule,esprouler@tuttocitta.it,WGauYvDU,385-667-3781,8845693751,Female,Haiti
Tracie,Bollon,tbollons@goo.gl,NwuEz5j,306-834-3093,5082214234,Male,China
Lucias,Murie,lmuriet@ocn.ne.jp,tUKZtFoq,270-953-9558,5691049558,Male,Democratic Republic of the Congo
Nichols,Joutapavicius,njoutapaviciusu@huffingtonpost.com,e9sG66C7z,292-167-6576,4978265823,Male,Russia
Annette,Schroter,aschroterv@instagram.com,1pSi71Y,760-658-4702,9818496337,Female,Serbia
Bibby,Fullylove,bfullylovew@netvibes.com,nkkfP8Ubnx,953-644-5901,9762115873,Female,Nigeria
Ellery,Atwool,eatwoolx@goo.ne.jp,QpMqzz5aEL9,916-919-6137,1614494821,Agender,Indonesia
Garvey,Charter,gchartery@drupal.org,EBSlejUDZ,200-477-3507,4256253103,Male,Iceland
Percival,Bettis,pbettisz@is.gd,Bqtg7eMDPEW,909-815-6983,2144754396,Male,Russia
Dasie,Rappport,drappport10@goo.ne.jp,wBN7SLWtk32,525-164-7736,6345461417,Female,Tanzania
Gladi,Pieracci,gpieracci11@jugem.jp,g3xgCr8p,780-930-9353,3905805281,Female,Botswana
Marillin,Meckiff,mmeckiff12@deliciousdays.com,D23JKl9p3x,444-230-1972,6528179332,Female,China
Viva,Setchell,vsetchell13@forbes.com,a6LTE9,837-253-4862,1036896579,Female,Indonesia
Guido,Frediani,gfrediani14@timesonline.co.uk,uTyuGEkZR,688-770-8184,6958806424,Male,Ukraine
Giffer,Mehew,gmehew15@opensource.org,jru8D3h4RWJK,716-664-4841,3749933809,Male,Slovenia
Gusella,Roch,groch16@admin.ch,yXMjmTm,547-823-6622,6793310490,Female,Philippines
Cecelia,Kelso,ckelso17@berkeley.edu,gykUH3BrGw,720-210-6891,6515450599,Female,Czech Republic
Alvera,Shower,ashower18@auda.org.au,dYAe50AbDWG,817-575-3359,6896966971,Female,Morocco
Molli,Goulder,mgoulder19@dailymail.co.uk,wJ9VleF91w,637-200-0830,7439781938,Female,Russia
Damaris,Buck,dbuck1a@mac.com,cLJgmc,281-293-4522,9394284831,Female,Ireland
Hirsch,Godbald,hgodbald1b@nationalgeographic.com,36ylSTtIq,443-994-4206,7058248164,Male,Portugal
Tonye,Papa,tpapa1c@twitter.com,XdORho,141-628-6652,2518900869,Female,Indonesia
Agneta,Andrzejczak,aandrzejczak1d@seattletimes.com,VWDFbu,546-995-8522,7068125560,Non-binary,Sweden
Calvin,Guillond,cguillond1e@dyndns.org,SwDJKJrhWy,203-691-7930,7767795018,Male,Greece
Gaby,Cordes,gcordes1f@squidoo.com,jVjcNACpq,896-933-8103,3043860477,Female,Indonesia
Margalit,Cockcroft,mcockcroft1g@house.gov,48QwWf,831-628-9965,6087052692,Female,Portugal
Roger,Stockey,rstockey1h@ifeng.com,6VdLufA,155-843-4387,7786658080,Male,Senegal
Georgena,Bernaldez,gbernaldez1i@virginia.edu,rJr0Pb5Cw,692-941-0635,2102676113,Genderqueer,China
Maxwell,Froom,mfroom1j@google.nl,38ou3P,743-660-8112,6558903745,Male,China
Emmey,Lumsdon,elumsdon1k@oaic.gov.au,YRJsaiu,453-124-4842,4405793079,Polygender,Cuba
Marlee,Scrivenor,mscrivenor1l@miitbeian.gov.cn,upPk4lzz,666-462-0470,1981893854,Female,Philippines
Laird,Riddeough,lriddeough1m@mozilla.com,Fs5z3vo9,564-740-9446,3409520686,Male,Thailand
Antonie,Gaspar,agaspar1n@free.fr,gziCAY9bmF,761-870-4556,9414729785,Female,China
Adina,Bracci,abracci1o@tinyurl.com,QOuUWpc4,177-490-8800,3926833145,Female,China
Connie,Durnall,cdurnall1p@cbslocal.com,3nNUo11fJro,600-150-4073,3017436121,Polygender,Portugal
Stan,Cramond,scramond1q@xrea.com,hRTYlvW,728-717-4249,7737277366,Male,China
Wilhelm,Barenski,wbarenski1r@google.co.jp,qFAHqltKpwF,684-600-3761,9655053852,Male,Macedonia
Jerrilee,Throughton,jthroughton1s@shinystat.com,FMa0nhf8MG,601-942-5173,2775852841,Female,China
Bonny,Breming,bbreming1t@msu.edu,4qsLL0HbItTN,532-355-6567,2184685830,Female,Honduras
Marlow,Phittiplace,mphittiplace1u@indiegogo.com,BQWZTORu2hV,898-884-5802,1965796772,Male,Brazil
Tandy,Caldicott,tcaldicott1v@lulu.com,0C4Sceda,785-307-4128,8042513900,Female,Russia
Cyrill,Fassbindler,cfassbindler1w@nsw.gov.au,Q8yhXPI,886-474-6935,4153919131,Male,Philippines
Thatch,De Giorgi,tdegiorgi1x@newyorker.com,DCrdDN2,340-731-9934,6136226865,Male,Czech Republic
Laural,Roscow,lroscow1y@foxnews.com,6J7iMRQ0,323-890-8938,7238268502,Female,Thailand
Christie,Sugar,csugar1z@ca.gov,lS4umE,127-545-4540,8152543093,Female,Palestinian Territory
Frederick,Warsop,fwarsop20@icio.us,8Ta0XGLUknl,236-828-0366,4654606336,Male,Pakistan
Vanda,Setterthwait,vsetterthwait21@who.int,LVSOsvKXaL,110-625-8913,5861753175,Female,Sweden
Chaunce,Durham,cdurham22@seesaa.net,934LEyUd,426-200-3764,2299482301,Male,Iran
Ernie,Purtell,epurtell23@dyndns.org,ilKOpA,676-175-2797,6438847366,Male,France
Emmott,Fiennes,efiennes24@miitbeian.gov.cn,SrGpSgvuI,620-930-4329,2208776439,Male,Croatia
Archibold,Huckle,ahuckle25@imdb.com,DM2EiGE0Y,877-939-7932,8441679479,Male,Japan
Fletcher,Weddeburn,fweddeburn26@craigslist.org,6LaB6v9R86,501-567-5819,5406024620,Male,Argentina
Gard,Sherme,gsherme27@tripod.com,pPZkLu,780-704-8238,9623377164,Male,Bulgaria
Cissy,Verrills,cverrills28@independent.co.uk,zpJvxHf,130-333-7578,3772467181,Female,Aland Islands
Kordula,Shinton,kshinton29@auda.org.au,SKjx7HabBcB,626-942-9089,6649731420,Female,China
Constance,Petruszka,cpetruszka2a@networksolutions.com,5CJsVd70fNge,272-198-1536,1082280445,Female,Peru
Shelley,Hartley,shartley2b@bluehost.com,0bdMi58FGIe,271-752-3800,9145252934,Male,Afghanistan
Dwight,Clout,dclout2c@youtube.com,CJ5xEXz2h9VV,977-969-6749,9298273804,Male,Madagascar
Lanny,McCorley,lmccorley2d@wiley.com,yKMMGTahD,424-428-9277,4447028383,Male,South Korea
Eal,Shall,eshall2e@imageshack.us,PEfpVAB6EW,161-404-3289,6449602909,Male,China
Stanly,Carbonell,scarbonell2f@ebay.co.uk,p1JctokFIOLD,994-611-6250,3008084424,Genderfluid,France
Eleonore,Stainer,estainer2g@state.tx.us,YTUIBcy3F,243-225-9666,9139051993,Female,Philippines
Xenia,Vaskov,xvaskov2h@rediff.com,UnbTe05,120-178-1763,9844422040,Female,Japan
Laney,Wakeford,lwakeford2i@wikimedia.org,Qys2ehFBtR,197-522-2824,9825416974,Male,China
Hollyanne,Cansdill,hcansdill2j@howstuffworks.com,Ob8rhdwW,544-462-7317,5076658022,Female,Philippines
Jonas,Charles,jcharles2k@china.com.cn,EJ0gVobm54Zw,787-613-5538,6257044312,Male,Sweden
Ediva,Prati,eprati2l@furl.net,O3vQX75N,399-427-0669,8719739004,Female,Russia
Aubert,Renfield,arenfield2m@amazon.com,9syRytaXFL,263-367-6040,5276536840,Male,Tajikistan
Rosene,Ekins,rekins2n@devhub.com,X4llm6L,771-262-8214,6981363303,Female,China
Nike,Mercik,nmercik2o@cpanel.net,agr47AZl5g47,326-660-4010,1142832954,Female,Indonesia
Bette,Culmer,bculmer2p@shop-pro.jp,FxJZYAl,448-268-8299,1802675680,Female,Indonesia
Clare,McCrillis,cmccrillis2q@cdbaby.com,2gRTCd,839-390-9713,6023301257,Male,Philippines
Mariana,Fortnam,mfortnam2r@google.com.au,pwrwLQh,118-277-6138,5501210140,Non-binary,Indonesia
Katha,Albert,kalbert2s@sciencedaily.com,mVEO1wBguzus,379-115-6559,9556180300,Female,Brazil
Bard,Kilshall,bkilshall2t@salon.com,Y89DE9Of,632-541-0063,3772041656,Male,Czech Republic
Cynthie,Cowthard,ccowthard2u@biglobe.ne.jp,8THt449T,303-742-0935,9214947109,Female,Indonesia
Uriel,Gayne,ugayne2v@pinterest.com,R5hHmv,770-643-8319,2241115562,Male,China
Vernor,Juza,vjuza2w@hc360.com,WKDkGfRw,455-911-1982,9133246675,Male,China
Chaim,Jest,cjest2x@blogspot.com,nGIaZdcvO,301-359-6366,8384265599,Male,Russia
Bay,Mowen,bmowen2y@va.gov,AVuwBKeDgmVp,595-786-3076,1243915269,Male,Bhutan
Gibbie,Petrushka,gpetrushka2z@berkeley.edu,xwCz0WSmDk9,666-691-6398,9535438508,Genderqueer,Bangladesh
Gelya,Whatley,gwhatley30@cnn.com,FSYOAWpPwKO5,736-427-1359,2348493064,Female,China
Genni,Archley,garchley31@nytimes.com,2aWlDMz,168-585-8150,3219072934,Female,Latvia
Alisander,Hembling,ahembling32@tripadvisor.com,L730KEy1l,718-865-1276,5542903912,Male,China
Neysa,Antham,nantham33@imdb.com,Ayz3h2s,818-741-2162,6725686574,Female,Philippines
Catherine,Stillwell,cstillwell34@ameblo.jp,gfeIT42,399-584-0084,4573761680,Female,Russia
Elton,Lattey,elattey35@psu.edu,ZyCI8PK7C3Fy,651-124-9294,5779475804,Male,Nigeria
Saul,Brierton,sbrierton36@cam.ac.uk,emRzMAKA4kd,669-259-7860,3254893971,Male,Philippines
Raimund,Kingsley,rkingsley37@reverbnation.com,6a29fqMQ,772-564-6047,5462328113,Male,Russia
Gerladina,Stare,gstare38@merriam-webster.com,jaJfKt4,104-334-4063,2338548499,Genderfluid,China
Amye,Rampley,arampley39@blogtalkradio.com,l4gcdqhdPVz,761-262-7693,4995061215,Female,Morocco
Sydney,Ferebee,sferebee3a@pcworld.com,zRzm6MR,263-702-7668,4726523077,Male,Philippines
Dulciana,Feathersby,dfeathersby3b@admin.ch,7fDLRNZr,207-145-5876,5098024374,Polygender,Indonesia
Claudia,Ginnelly,cginnelly3c@vk.com,Vdmk42ijFA,649-814-5955,7422682305,Female,Philippines
Glory,Krook,gkrook3d@nifty.com,J8UIjZrr93z,245-105-4017,9055396913,Female,Peru
Forster,Chadwyck,fchadwyck3e@independent.co.uk,bGjwe6,148-771-9806,7282804376,Male,France
Dela,Pusey,dpusey3f@utexas.edu,mS91snolJOp,736-163-3841,7577133859,Female,Peru
Amye,Cristobal,acristobal3g@vinaora.com,TOrxRmT,759-574-6124,9405638426,Female,Eritrea
Jdavie,Durnall,jdurnall3h@virginia.edu,f7OK5vqfS2e,270-347-0298,5616756060,Male,Russia
Angie,Markham,amarkham3i@gmpg.org,Jh72e1,422-978-8434,5282962309,Genderqueer,South Africa
Susana,Vautin,svautin3j@cyberchimps.com,zHpk4BlSB,322-507-8332,1583139446,Female,Nigeria
Lyle,Squibb,lsquibb3k@washington.edu,8sPIqBqMa,767-557-0144,1995199939,Male,Nigeria
Elita,Jaggar,ejaggar3l@comcast.net,K3lCix9,926-471-8584,3353386193,Female,Portugal
Bary,Barten,bbarten3m@youku.com,mfU20AiL,605-593-1339,8332040598,Male,China
Rogers,Dobbings,rdobbings3n@tinypic.com,Ytsl8R3e,401-797-6178,8624190260,Male,Czech Republic
Bowie,Dewick,bdewick3o@cornell.edu,3Qj5yM,924-354-9186,8046518238,Genderqueer,China
Hyacinthia,Trench,htrench3p@statcounter.com,othZDSmA,359-337-7778,4726750004,Genderqueer,South Sudan
Elwira,Shilton,eshilton3q@hao123.com,uEQTdV5XGZR9,444-292-7147,1742965106,Female,Slovakia
Meredeth,Kyrkeman,mkyrkeman3r@dagondesign.com,uhCnb6nbO1Z,568-935-0805,8141099999,Male,Indonesia
Katusha,Alti,kalti3s@hc360.com,EgXQ9mZMI,643-972-1700,5061323374,Female,China
Hersch,Bambrick,hbambrick3t@earthlink.net,UPCHNWPXAn,330-601-3168,7536176707,Male,China
Darnell,Darwent,ddarwent3u@issuu.com,DhVpoohKdfE,154-396-6965,5183043895,Male,Russia
Jared,Brychan,jbrychan3v@omniture.com,tfGiHgdddh6,190-101-4705,7059145100,Male,Japan
Pandora,Sandcroft,psandcroft3w@meetup.com,0O5bI4,953-154-3470,8669788262,Female,Philippines
Terri,Blueman,tblueman3x@yahoo.com,KivyYpZN,526-362-4440,6679978395,Female,Canada
Fleur,Managh,fmanagh3y@histats.com,akwIgX4Yyyh,778-381-2573,5237844337,Female,China
Ferdinanda,Vannikov,fvannikov3z@independent.co.uk,ZjKy7Rknh,204-886-7581,4843040437,Female,Russia
Alisander,Burtwell,aburtwell40@cmu.edu,rW6LeY,968-553-9163,8429119824,Male,Japan
Rachelle,Deerr,rdeerr41@ebay.com,bM8b0o09MdC,904-896-8844,8623882910,Female,United States
Freeman,Shailer,fshailer42@shareasale.com,urpJiU3S8z,477-816-8269,6834119208,Male,Panama
Gardy,Berk,gberk43@pen.io,CkDiUG,391-403-0583,7141843036,Polygender,France
Edi,Fylan,efylan44@europa.eu,vt3ts8dCBd,436-317-7819,9614278153,Female,Cuba
Cinderella,Warfield,cwarfield45@toplist.cz,bkRlKM0twXTU,512-392-9902,5361803317,Female,United States
Emelina,Sperrett,esperrett46@unesco.org,dhSWbo6uZo,304-938-2784,7484568572,Female,Honduras
Anett,Hallowes,ahallowes47@google.cn,9cXZw0i5,903-841-7663,8801823039,Female,South Africa
Francesca,Gilman,fgilman48@ft.com,IBSGHuA3wu,882-688-6940,5268138338,Female,Japan
Kaitlin,Pattillo,kpattillo49@va.gov,XC2fkXYPS,701-438-2250,4558460075,Female,Yemen
Wally,Wittrington,wwittrington4a@yale.edu,s6eYU2ly8i,988-932-2280,2726329053,Female,Reunion
Joshia,Campsall,jcampsall4b@twitpic.com,nN8nVNN,121-404-1680,3091808799,Genderqueer,China
Jed,McKenney,jmckenney4c@facebook.com,RED15uExN,798-104-4607,4108233504,Male,Peru
Immanuel,Edinboro,iedinboro4d@biblegateway.com,cnUluc,739-297-2283,1648293984,Male,Indonesia
Rudolph,Aronstein,raronstein4e@usda.gov,wYSfzxa,714-411-0519,7544903593,Male,Indonesia
Jillie,Mounce,jmounce4f@dailymotion.com,ExB5hZGkjGGm,450-781-1880,9635048663,Genderfluid,Haiti
Erica,Meneely,emeneely4g@newsvine.com,UktPBwW6Rl,330-361-0550,7477227838,Non-binary,Brazil
Frederica,McDonald,fmcdonald4h@posterous.com,xMXUwW06Cj1c,626-843-9103,6937104956,Female,Sweden
Grete,MacAnellye,gmacanellye4i@va.gov,yAc4Rv,134-131-5228,3042023744,Female,Peru
Gilligan,Dyball,gdyball4j@unesco.org,15AfWH,912-964-9341,6008232235,Female,Poland
Cyndy,OIlier,coilier4k@apache.org,3J6YWqlrg,246-917-2316,4024073006,Female,Nigeria
Sybille,Meininking,smeininking4l@phpbb.com,m6HavXM,453-480-6509,5265626668,Agender,China
Sheffie,Cakebread,scakebread4m@miibeian.gov.cn,ZsUy3prDTa,142-853-2264,7008265381,Male,China
Lowell,Harnor,lharnor4n@state.gov,GX1RXN,206-438-4324,5549585556,Male,Albania
Josee,Eskell,jeskell4o@cnet.com,4tK0y84BHjgg,740-247-7186,4136059423,Female,Mexico
Druci,Swalwell,dswalwell4p@phoca.cz,4THOWWQ,151-121-8016,5394457613,Female,Martinique
Chanda,Dering,cdering4q@meetup.com,o41RdfOyN,674-831-9913,1936644681,Female,Indonesia
Sly,Lawlie,slawlie4r@umich.edu,HdykcWWZe,546-513-1676,7181820604,Genderqueer,Poland
Stavro,Tomczynski,stomczynski4s@businessweek.com,EvUVR3vn8nVN,271-741-4134,1412411124,Male,China
Doralyn,Bownd,dbownd4t@squarespace.com,GwTPpik7G,372-309-1825,7537449245,Female,Indonesia
Celka,Jest,cjest4u@vistaprint.com,tfRjGHv5YB,770-687-1520,8449439753,Female,Kazakhstan
Janna,Schaumann,jschaumann4v@wordpress.com,mmgVuOW,623-825-2520,5708683415,Female,Poland
Lucias,Fayerbrother,lfayerbrother4w@hubpages.com,jzNl4vr,402-249-6230,8006481557,Male,China
Debbi,Bertie,dbertie4x@examiner.com,YR077vyIv,791-875-7727,9068722981,Polygender,China
Brittney,Whordley,bwhordley4y@wikispaces.com,jW60P5D2tn,855-487-0010,1537734481,Female,Poland
Olly,Oherlihy,ooherlihy4z@studiopress.com,l1UP4hfHrcPE,924-531-2344,1941618566,Bigender,Madagascar
Claudina,Allanson,callanson50@woothemes.com,Jh5h2jl3,377-995-2775,7538912118,Female,Russia
Jaclin,Raynard,jraynard51@naver.com,AvFkFDsS,948-181-1436,7094979279,Female,Republic of the Congo
Eleni,Millea,emillea52@oakley.com,rYl5W31HX,470-343-0939,3672838346,Genderfluid,Yemen
Bernadette,Espy,bespy53@youtube.com,aTpk1d,223-198-0504,5093705003,Female,China
Dagmar,Littledike,dlittledike54@tumblr.com,89E0GocvA,402-249-1381,1449538387,Female,Poland
Clark,Brou,cbrou55@plala.or.jp,QcdhzmaJ04,773-293-1511,7598263593,Male,Indonesia
Valerye,Medina,vmedina56@techcrunch.com,O0wg55,956-438-4550,9423023051,Female,Uzbekistan
Flory,Lancley,flancley57@google.nl,QRkXrI,284-466-7026,7296691679,Male,Philippines
Rozalin,Foard,rfoard58@comsenz.com,RWPOzqEfm3,983-358-1373,1543640923,Female,France
Clea,Kissell,ckissell59@usatoday.com,ybsqfx,559-761-8949,7881157784,Female,Croatia
Debor,Tidgewell,dtidgewell5a@ifeng.com,PqQYMvSs0Pt,476-579-3628,6724710451,Female,Russia
Jen,Gooderham,jgooderham5b@usa.gov,Rof2Ae,175-521-5718,7131402617,Female,Philippines
Jackson,Winning,jwinning5c@weather.com,wILBmA2mq8c9,690-218-7038,1529288139,Male,Indonesia
Dorothee,Aiskovitch,daiskovitch5d@netscape.com,jnobINmf,777-366-5623,1121394511,Female,China
Eden,Legh,elegh5e@barnesandnoble.com,rnZgDwvQJ,906-110-2514,4118211286,Female,China
Judon,Reide,jreide5f@sakura.ne.jp,79HcKDO,735-785-3059,8707779967,Male,Portugal
Reyna,Cotman,rcotman5g@uiuc.edu,WyTt050c,167-293-1352,2644028648,Female,Hungary
Georg,Orbon,gorbon5h@zimbio.com,tyMetd,298-495-0169,2112468330,Male,Switzerland
Binny,Brason,bbrason5i@merriam-webster.com,I2iO11X0pfKv,699-860-4166,3379158372,Female,South Sudan
Coral,Junifer,cjunifer5j@myspace.com,GAi2Ljnd,798-399-0126,4197565565,Polygender,China
Cathie,Ayerst,cayerst5k@craigslist.org,64KMYiS,624-550-4256,9915480348,Female,Japan
Vania,Kacheller,vkacheller5l@time.com,ik0Jk2,113-801-5350,4926775721,Female,Mozambique
Shaw,Kinglesyd,skinglesyd5m@amazon.co.uk,CSePaP,392-172-5721,8444315892,Male,China
Kristoforo,Dory,kdory5n@dot.gov,yZ71yuuh,328-604-2589,8305299771,Male,Iran
Sasha,Midner,smidner5o@boston.com,RAs173cAsM,336-611-3799,9087951658,Female,Thailand
Beryle,Nodes,bnodes5p@techcrunch.com,vAM252J3XS,751-137-0835,9886661827,Female,Benin
Shalne,Box,sbox5q@canalblog.com,bU736zjW,570-650-1642,9132551770,Female,China
Melita,Muschette,mmuschette5r@webnode.com,eq0w81Io,660-441-1162,6368006380,Female,Comoros
Iormina,Yousef,iyousef5s@irs.gov,BEH90h9HeJCD,403-419-4828,1944456585,Female,Philippines
Ryan,Faulds,rfaulds5t@fc2.com,Hps9lfWs5W,344-487-2464,1784360352,Male,Poland
Lucinda,Swarbrick,lswarbrick5u@google.ca,Xd3iFtjnJONc,437-760-8638,4521746321,Female,China
Jay,Grand,jgrand5v@webnode.com,7zO3Hm7rbS,568-484-0843,7299113142,Male,Ecuador
Skyler,Bearfoot,sbearfoot5w@amazon.co.jp,ZXzaBJJvtA5,205-543-9138,9038577969,Male,United States
Angelo,Braghini,abraghini5x@biglobe.ne.jp,9G9ZwmQygN,794-801-9800,2324062605,Male,Thailand
Peri,Francisco,pfrancisco5y@scribd.com,0JiRvHXS,792-724-2579,5224265536,Female,Mozambique
Elena,Kinset,ekinset5z@shop-pro.jp,YwKLxsJL6C,584-179-7591,5547079842,Female,Tunisia
Linnet,McGuiney,lmcguiney60@ycombinator.com,zjoQFiuv98Fo,615-948-3399,8113469387,Genderqueer,China
Katuscha,Barosch,kbarosch61@tinyurl.com,sjK8aRxls,659-437-1898,9893479456,Female,China
Roley,Fulkes,rfulkes62@1und1.de,KfhlQuHTFB,672-449-2804,9056437212,Male,China
Addia,Norsworthy,anorsworthy63@merriam-webster.com,2HLn4UwkpE,580-839-8013,7387637887,Genderfluid,Madagascar
Irwinn,Millott,imillott64@bloglines.com,ETOR9Jj,592-222-7671,9309637409,Male,China
Creighton,Gidley,cgidley65@businessweek.com,r5mq8mq,709-225-7947,3566241468,Male,Kuwait
Wiatt,Exroll,wexroll66@macromedia.com,KBpLr8Ahqqs,516-545-1819,3199972322,Male,China
Laurent,Batting,lbatting67@amazon.co.jp,cu9AEYJl,452-251-1589,7377048890,Male,Thailand
Weylin,Glandon,wglandon68@livejournal.com,7R1vGJ8yAD,648-289-4217,3144619109,Male,France
Karlik,Pydcock,kpydcock69@github.io,srCQKh0N,406-584-3139,6907795109,Male,Indonesia
Kacy,Davies,kdavies6a@deliciousdays.com,9DaoiFldF2v,844-285-9505,6045056198,Female,Indonesia
Dru,Redon,dredon6b@ycombinator.com,CKsn0zd,505-754-6015,5373805022,Female,Philippines
Pacorro,Tousy,ptousy6c@toplist.cz,R5TdeIKU,577-661-6732,6535057824,Male,China
Abelard,Simeoli,asimeoli6d@cnn.com,UPzcfHkYA,558-327-3556,3521405521,Male,Portugal
Amil,Dingivan,adingivan6e@chronoengine.com,hblKuqJNwe3,202-321-8104,5832911012,Female,United States
Merrili,McVanamy,mmcvanamy6f@privacy.gov.au,cQokmtnoeVF,273-124-8352,1224412645,Female,China
Dotti,Klimkowski,dklimkowski6g@usgs.gov,CgNAYrMwOAF,756-563-6903,1823556105,Female,Kyrgyzstan
Rois,Cleeve,rcleeve6h@oakley.com,EW1udsabUl,272-849-5823,6317439233,Female,France
Clarette,Fairlam,cfairlam6i@shop-pro.jp,dFMcyc0,680-838-8632,6511079192,Female,Ireland
Remus,Winnett,rwinnett6j@1688.com,HwttEsh5iA0,580-384-2747,6094082371,Male,Andorra
Cordelie,Marrison,cmarrison6k@slideshare.net,1yfJzTW65Sx,318-622-2326,5054982384,Female,France
Lisbeth,O'Hagan,lohagan6l@state.tx.us,00MfEZ4oNv4,660-180-1667,3129793846,Genderfluid,Indonesia
Rochester,Trinke,rtrinke6m@istockphoto.com,uKh6ADtZ,324-856-0703,9829291655,Male,Philippines
Amii,Eddleston,aeddleston6n@flickr.com,axvZghnpF1,832-676-1082,6824506326,Female,Japan
Evonne,Cosans,ecosans6o@ning.com,DHiEzTHE4,903-825-6510,9721098006,Female,Argentina
Calli,Macbeth,cmacbeth6p@sphinn.com,1Py7re6,974-891-7513,1435339505,Female,China
Di,Clayson,dclayson6q@amazon.co.uk,AIS7SpBwGu,782-858-9485,6815078057,Bigender,Madagascar
Alfi,Zarfat,azarfat6r@wiley.com,TK8AWCHqJ,187-502-3922,3588041289,Female,Indonesia
Arline,O' Connell,aoconnell6s@reuters.com,6ngHdOQq8J,222-126-9523,6257217979,Female,Portugal
Falkner,Saice,fsaice6t@odnoklassniki.ru,OeLGZMxkDnEP,352-906-6671,6619305378,Male,Laos
Vita,Raymond,vraymond6u@jigsy.com,tgG7xi,775-186-7542,1687155510,Female,Indonesia
Jeremiah,McMackin,jmcmackin6v@uol.com.br,i8FmTW4nOGN,996-990-8901,2136814237,Male,Sweden
Cassey,Millican,cmillican6w@comcast.net,wM08htQRnJcb,939-739-2187,8295778439,Female,Panama
Augy,Tampin,atampin6x@php.net,RoaieTm9mu,531-186-7021,1373169396,Male,Japan
Tiphanie,Scheu,tscheu6y@posterous.com,iVihKo03VDJ,583-465-5924,4804569573,Female,Philippines
Collen,Cudworth,ccudworth6z@youtu.be,yMOVkvCX,330-263-1041,4116748793,Polygender,United Kingdom
Vincenz,Lingfoot,vlingfoot70@dot.gov,WwYWvJB,785-778-2143,6307945850,Male,China
Clerissa,Rounsefull,crounsefull71@cafepress.com,boVDTF3BLaC,649-552-9846,6949748863,Female,China
Craig,Ferronier,cferronier72@artisteer.com,m9yCyuToc9TY,616-647-8597,8437576392,Male,Indonesia
Misha,Looby,mlooby73@nifty.com,k4wzY7rni8d,448-407-3792,5938869514,Female,Canada
Elnore,Steljes,esteljes74@blogs.com,s3ualLgKwfnG,822-348-8639,4742888488,Female,Djibouti
Alric,Darben,adarben75@miitbeian.gov.cn,0jEMf9vFdk,611-994-2615,3919918993,Male,Philippines
Julius,Ivanchikov,jivanchikov76@acquirethisname.com,zfUM53,247-154-8313,1686268082,Male,Indonesia
Calhoun,Latty,clatty77@uiuc.edu,820t9hqDsLjM,596-477-0457,1911462011,Male,China
Simona,Wilding,swilding78@harvard.edu,gIkxLTNwc,929-399-5615,6478692563,Female,Russia
Clarance,D'Adda,cdadda79@umn.edu,pSjSAxwRqN6,250-441-5062,8559920694,Polygender,Indonesia
Elisha,McGilleghole,emcgilleghole7a@un.org,rZMTFbuKYkQW,379-591-5859,4723167765,Male,China
Tabbatha,Bricklebank,tbricklebank7b@sogou.com,c4A10J,308-238-3406,7319247929,Female,Philippines
Lilli,Dwelly,ldwelly7c@ezinearticles.com,SlsjMZnzggS,630-743-9808,4176604069,Bigender,China
Avigdor,Igonet,aigonet7d@japanpost.jp,nA3BbvTClOqK,801-935-6676,3205138663,Male,Brazil
Phip,Staff,pstaff7e@amazon.de,sN3LMdUXL,854-242-9564,5963188214,Male,Indonesia
Olivette,Dineen,odineen7f@indiegogo.com,99JKC7,452-511-1143,9944345122,Female,Greece
Mattias,Hannant,mhannant7g@go.com,CI83VJj,638-319-6628,3429091491,Male,Greece
Zonda,Zannuto,zzannuto7h@cyberchimps.com,MDC7eO8uqke,506-753-4889,1945898254,Female,Czech Republic
Ellis,Cripin,ecripin7i@hostgator.com,21mga3N5Q,153-929-5239,6433042974,Male,Russia
Johanna,Pfaffel,jpfaffel7j@sciencedaily.com,UeksoNvzNV,284-828-2851,1796981336,Female,China
Karna,Robiot,krobiot7k@arstechnica.com,G36qJs6sxp,981-350-8564,2194782182,Female,Indonesia
Waring,Salleir,wsalleir7l@elegantthemes.com,Wm4xIydfjtxH,647-603-7200,3481706825,Bigender,Cuba
Archibaldo,Yearron,ayearron7m@squarespace.com,yrIfvtH8poR,844-350-5892,2502493164,Male,Mongolia
Julieta,Hesbrook,jhesbrook7n@comsenz.com,Px7Y21,287-229-8660,3262134530,Bigender,France
Ralf,McCory,rmccory7o@soundcloud.com,K2pOmR,308-454-2994,3898712223,Male,China
Anstice,Coverdale,acoverdale7p@ovh.net,4ODC34,713-749-9905,7339215875,Female,United States
Sylvester,Craddy,scraddy7q@berkeley.edu,O7ESFhR3J,339-871-3395,6338646169,Male,Philippines
Paolina,Stonelake,pstonelake7r@wix.com,tOu9OYT,457-451-3322,2482797810,Female,Philippines
Billy,Tunmore,btunmore7s@cyberchimps.com,B8nHMKGh2,196-393-3876,6762714981,Male,Sweden
Kissee,O'Connolly,koconnolly7t@cornell.edu,KvHySGWM,769-124-5660,9498506498,Female,Philippines
George,Sheer,gsheer7u@businesswire.com,ctthEMZ,728-158-2256,8281107084,Male,Russia
Ginger,Semper,gsemper7v@sfgate.com,SB8oLfxACcG,785-259-7384,6466194821,Female,France
Flory,Tethacot,ftethacot7w@dell.com,c8wtpoD,128-816-5442,7261875464,Male,Russia
Tony,Mil,tmil7x@wp.com,D3UKCLS,654-857-4888,7486947157,Male,France
Kirsten,Ende,kende7y@oakley.com,90woGZ,849-216-2125,8456417234,Female,Indonesia
Nanete,Hargreves,nhargreves7z@virginia.edu,2GT7rsB,722-402-3047,2022190621,Female,Poland
Adham,Filipczak,afilipczak80@dyndns.org,KUDPsvnz,241-276-6346,5761428689,Male,China
Larisa,Posnett,lposnett81@parallels.com,irFT4Qd630PB,332-680-4765,8006937422,Genderqueer,Kazakhstan
Charis,Bertrand,cbertrand82@google.com.hk,NMUEtjPmm2K,765-252-4515,2241282106,Female,France
Richart,Klaff,rklaff83@walmart.com,ZJLl2yeQ6Sdd,911-134-3937,9857927344,Male,Czech Republic
Averil,Heathfield,aheathfield84@a8.net,9D5Vbt,973-948-7852,5822434192,Female,Armenia
Phylis,Padula,ppadula85@baidu.com,E35ueeECcTMX,277-361-0116,1266159059,Female,Yemen
Willi,Mallatratt,wmallatratt86@dmoz.org,U4uWPEda4iF,721-322-8080,8988497764,Male,Cameroon
Erin,Josefowicz,ejosefowicz87@mysql.com,NOEWz74L,791-647-5213,4862488299,Polygender,Poland
Arliene,Winmill,awinmill88@npr.org,UMfN40f,692-178-3308,4122052115,Female,Serbia
Carilyn,Kingston,ckingston89@columbia.edu,QEzFL4Fvfl,378-979-8963,1626660632,Female,Croatia
Anjanette,Quibell,aquibell8a@rambler.ru,z1PXBT,822-956-3626,5173448756,Female,Thailand
Aurel,Durham,adurham8b@dedecms.com,1d0iBoys,951-638-3397,6833194471,Female,Poland
Freddi,Euston,feuston8c@kickstarter.com,b0RYvE,169-536-1899,8788123060,Genderqueer,Portugal
Sonni,Pelos,spelos8d@nytimes.com,2TPmNaP,323-783-9515,5823056840,Female,Russia
Elizabeth,Bordman,ebordman8e@tiny.cc,hfJLs1YpeEaZ,627-829-9243,9343638332,Female,Poland
Farr,Smallwood,fsmallwood8f@sfgate.com,AUxQbOZZfELH,865-636-2315,7368479891,Male,Nigeria
Viki,Woolger,vwoolger8g@xinhuanet.com,5bUnKCh3,598-357-1972,2144785586,Female,China
Feodor,Kitchingham,fkitchingham8h@google.co.jp,TI8lIQ,907-509-6086,4683731868,Male,Brazil
Lamar,Worshall,lworshall8i@usda.gov,XDr7dW9fOXB1,990-795-3499,9773996594,Male,Indonesia
Horton,Castanos,hcastanos8j@tmall.com,fM85BeOHe9,830-170-6706,7544401064,Bigender,Czech Republic
Lauraine,Acome,lacome8k@cyberchimps.com,RbhlFhu,140-297-9404,7076198977,Female,Greenland
Vikki,Cammack,vcammack8l@ftc.gov,uV83RO8Dt,423-190-1923,8382247269,Female,Indonesia
Hastie,Lunck,hlunck8m@odnoklassniki.ru,PTRAE4xlOgjH,606-410-7821,1687415702,Male,Portugal
Jenine,Stoke,jstoke8n@histats.com,dbHBHCbhz,799-314-6297,1078265555,Female,Czech Republic
Andromache,Kidstoun,akidstoun8o@hubpages.com,ZQATH293aKlN,299-638-1890,5356053142,Female,China
Jackson,Heald,jheald8p@clickbank.net,Fi57T4N5wC,650-961-1074,5786902183,Male,United States
Monika,Stollen,mstollen8q@over-blog.com,dqIzD6JAG3,736-858-1459,2703767090,Female,China
Perla,Tollow,ptollow8r@loc.gov,8KCt1vSlK,618-971-2159,5402094069,Female,Armenia
Kale,Gentil,kgentil8s@nymag.com,6jSnbY,573-719-4878,1355385051,Male,Nigeria
Marcella,McGilvary,mmcgilvary8t@comcast.net,gTXKWZvm4su,970-731-8545,3567396413,Female,Iraq
Tynan,Finder,tfinder8u@ca.gov,nAhGDl,341-635-8801,7113347574,Male,Armenia
Godart,Serfati,gserfati8v@cdbaby.com,lFeh8u,938-850-0133,8104961163,Male,Peru
Pamela,Rushton,prushton8w@tmall.com,eDWwtyv3uF7,901-238-9377,4937321099,Female,Nigeria
Marie-ann,Grzeszczak,mgrzeszczak8x@patch.com,oWECoENZU1,396-711-9133,9658594595,Female,Greece
Claire,Sleite,csleite8y@springer.com,NCBDNQG,769-385-4595,8885646551,Male,Portugal
Lilla,Christoffersen,lchristoffersen8z@blog.com,HLeWQZabPh,390-724-1417,3324949226,Female,Cameroon
Barnie,Jays,bjays90@marketwatch.com,2YhGwt,385-744-3794,4459626763,Male,Vietnam
Patrizius,Altree,paltree91@springer.com,UDWO8Q,635-321-7305,1802929736,Male,Macedonia
Dotti,Maunders,dmaunders92@cnet.com,xAm9RMC,564-868-0299,1141219964,Female,Portugal
Olivie,Ortells,oortells93@mapquest.com,uQRFkkPP,721-489-3391,9136939192,Female,Malaysia
Corrinne,Aleksic,caleksic94@cnbc.com,bJ9vRs4B,313-229-3682,5917393201,Female,Sweden
Andrus,Ganning,aganning95@yellowpages.com,s9ZTG37k70m,681-327-9785,4404775902,Male,Canada
Conchita,Camplejohn,ccamplejohn96@live.com,RmMuDMt,725-721-8228,1956078667,Female,China
Aarika,Rowet,arowet97@vimeo.com,JMIOMs,241-589-4211,5422698329,Female,Mexico
Misha,Fowlston,mfowlston98@earthlink.net,Jz7PJZL,865-852-5879,6859366491,Female,Venezuela
Burtie,Nail,bnail99@instagram.com,hqRTXqg,474-816-0823,9725380767,Male,Angola
Abigael,Dudmesh,adudmesh9a@canalblog.com,Nnd8TV,809-155-3998,1365782909,Female,Chile
Stanleigh,Stigers,sstigers9b@google.ca,QjQPH0E,291-867-5945,4888106651,Male,Thailand
Aurlie,Dragoe,adragoe9c@mapy.cz,1HYO0g,704-137-2442,6753019174,Female,Laos
Edgardo,Rosson,erosson9d@deviantart.com,DGie1R,110-435-3084,3173932405,Male,Indonesia
Leicester,Godain,lgodain9e@prnewswire.com,h9EgcWBLtjv,312-398-7521,4575877423,Male,Sweden
Vassili,Portchmouth,vportchmouth9f@virginia.edu,nZQfiwdNYeW,290-512-0928,1363405332,Male,Poland
Janeen,Agney,jagney9g@mac.com,bWLk7gDr1,219-770-7474,5966294948,Female,Czech Republic
Delmer,Laydon,dlaydon9h@opensource.org,5RpXQcCe6,779-460-6198,8443236244,Male,Greece
Rustin,Mobley,rmobley9i@hexun.com,j1N0ANq45JXL,116-893-8932,3149101047,Male,Czech Republic
Roland,Miner,rminer9j@nifty.com,DnsXoPxy3Vi,132-788-6681,7466360458,Male,Philippines
Harlin,Chung,hchung9k@topsy.com,JlibeTVPV,533-344-2706,3436363826,Male,Indonesia
Zacharie,Copeland,zcopeland9l@163.com,TzTGcqP5zK,756-879-0753,2754388929,Male,China
Tish,Whitten,twhitten9m@army.mil,dsIOb3ltC5rx,225-468-0151,2929899228,Female,Russia
Clemente,Lacknor,clacknor9n@biblegateway.com,4XWaBMagOz,732-974-1697,1627297321,Male,China
Taddeusz,Wehnerr,twehnerr9o@dagondesign.com,Xjtejrm,111-635-4367,9797473339,Male,Russia
Tiphani,Gothard,tgothard9p@sciencedaily.com,KsitMT8,519-372-9416,4347575058,Female,Mexico
Cherilyn,Milliere,cmilliere9q@redcross.org,ZAImab,697-148-4589,5548953740,Female,Czech Republic
Eulalie,Clulee,eclulee9r@github.io,t3gD5h,777-335-3337,3963099361,Female,China
Artur,Dowry,adowry9s@economist.com,R7Sc83tsWFFw,426-274-3539,8735083910,Male,China
Iggie,McTrustey,imctrustey9t@comcast.net,VX8FWOTBFE2,490-728-8266,6554951088,Male,Sweden
Renato,Oakenfull,roakenfull9u@vistaprint.com,aC3KMi1t,372-859-0429,9682085840,Male,Philippines
Lyndsie,Duxbarry,lduxbarry9v@icq.com,z59fm2mwY,203-685-6242,7304390435,Female,Poland
Nicolis,Sheach,nsheach9w@webeden.co.uk,vCopTTb,724-416-3598,8025824881,Male,Russia
Joyann,Fillis,jfillis9x@cornell.edu,RYJSMw9mM,145-954-6903,8584673997,Female,Philippines
Robbyn,Griffithe,rgriffithe9y@earthlink.net,8rnKGJtNDp0l,846-207-3051,8773560264,Female,Philippines
Jory,Donnachie,jdonnachie9z@123-reg.co.uk,5BoUd8d,896-816-6644,6065172823,Male,Russia
Rudie,Ivushkin,rivushkina0@booking.com,rmlFhpzCE9,864-953-5945,9476856119,Male,Russia
Jillie,Christopherson,jchristophersona1@seattletimes.com,ygt3Zvx,167-735-0672,5088228932,Female,Peru
Nyssa,Phittiplace,nphittiplacea2@php.net,om58YV,896-212-6671,7437011886,Female,China
Ryon,Taunton,rtauntona3@nbcnews.com,v0gCHTHEF,211-811-0586,5379852349,Male,China
Dorie,Leverette,dleverettea4@goodreads.com,bIIDvuKnG,716-407-8239,8709157531,Female,Macedonia
Yasmeen,Hachette,yhachettea5@topsy.com,4KTQB8dABiwh,802-243-9649,5609205616,Female,China
Willetta,Zecchi,wzecchia6@apache.org,tqRwky5,784-875-8053,1249403002,Bigender,Indonesia
Anitra,Horsefield,ahorsefielda7@washington.edu,CpC1Kcy,162-383-6661,8983189462,Female,Russia
Tony,Green,tgreena8@indiatimes.com,hHEEpY7,491-808-0079,6271386202,Female,Portugal
Leyla,Gaytor,lgaytora9@shareasale.com,17Qwx2wE7,386-272-2438,7168535497,Female,Colombia
Malia,Kas,mkasaa@businessweek.com,I3TrWj,660-350-3219,7868905220,Female,Bangladesh
Janene,Do,jdoab@facebook.com,xFrDaO4Xke6F,370-130-8252,9984557724,Female,China
Alfonse,Buxy,abuxyac@nifty.com,TWMNdz,555-447-4854,2191663139,Male,Serbia
Eldredge,Duffett,eduffettad@tumblr.com,HF7uEo7B,184-188-1399,2914174573,Male,Indonesia
Hunter,Gilbee,hgilbeeae@artisteer.com,VXGnCoka3bJ,903-756-1221,2908514346,Male,United States
Wilden,Spuffard,wspuffardaf@wsj.com,SQwuftc1g,432-671-1209,4672225032,Male,Argentina
Wallie,Fucher,wfucherag@google.de,lGLrHguw1th,225-135-4179,5009935380,Male,Colombia
Tiffany,Sinclair,tsinclairah@merriam-webster.com,d7Y9Wg,711-534-1758,8214732020,Female,Indonesia
Clark,Shelf,cshelfai@ovh.net,Gr8eFTxK,398-667-9602,4555133473,Male,Czech Republic
Camala,Delacroix,cdelacroixaj@nsw.gov.au,Tb0luwjFF,186-325-3417,3519690099,Female,Sweden
Tom,Tothe,ttotheak@pbs.org,0wfBW5K5KH,913-685-3043,9463998067,Male,Egypt
Tori,Marr,tmarral@skyrock.com,m3MiMaAXqfua,999-440-0693,3557491971,Bigender,China
Mufinella,Vynall,mvynallam@wsj.com,mR1XoG0qZ,251-448-3893,3038196278,Genderqueer,United States
Constancia,Axelbee,caxelbeean@archive.org,uqkhYnuofm,436-432-2046,7134319331,Female,Portugal
Zollie,Merryman,zmerrymanao@google.com,Wrv7OT4QW9nZ,697-650-9407,8548941900,Male,Philippines
Lenee,Daintith,ldaintithap@topsy.com,bvIkXt0,604-169-0811,5274055027,Female,Russia
Kiri,Christophers,kchristophersaq@virginia.edu,arwdBGI,115-383-0578,7397926405,Female,Russia
Peggi,Baumann,pbaumannar@telegraph.co.uk,uUMyMeleFN4t,306-664-7351,9994854710,Female,Sweden
Harlen,Faichnie,hfaichnieas@nps.gov,UQgUXnkM,264-671-8784,6782344896,Genderfluid,Brazil
Ban,Lief,bliefat@soundcloud.com,BVOJOHWfPLJh,121-763-5791,9719735018,Male,Vietnam
Miriam,Sotheron,msotheronau@independent.co.uk,lrk174e,655-307-7040,3408100423,Female,Croatia
Den,Fedorchenko,dfedorchenkoav@nytimes.com,x2gkIpx18DZ,611-859-1834,1121506413,Male,Saint Kitts and Nevis
Osbourne,Boxall,oboxallaw@bing.com,RWPt4FIZc,381-528-3791,7559651628,Male,Ethiopia
Danice,Fenwick,dfenwickax@istockphoto.com,i4YEEERZ7ZxH,210-326-2683,5027924466,Female,China
Rivalee,Licence,rlicenceay@squidoo.com,CzpyGCTpy,457-709-3395,4051608239,Female,Canada
Tania,Scud,tscudaz@ocn.ne.jp,6f6sq2UJKtq,622-220-3087,3321566994,Female,Serbia
Renae,Mountfort,rmountfortb0@weather.com,yBn0Pupq,628-694-5346,7773092646,Female,China
Rowan,Lavarack,rlavarackb1@so-net.ne.jp,LB7WQXeqBsac,563-154-7964,7223473135,Male,Argentina
Nanice,McGilbon,nmcgilbonb2@pbs.org,oXXsLO,245-401-7680,7657651548,Female,Indonesia
Chadd,Ivanyushin,civanyushinb3@fastcompany.com,34jKF1zvRzn0,591-850-9902,3204189786,Male,China
Tabor,Spadazzi,tspadazzib4@photobucket.com,8l75YGH,215-381-4945,3105774752,Male,Serbia
Inez,Crace,icraceb5@facebook.com,iuQTCqO0Mwzg,659-276-7707,1426031334,Female,Georgia
Marena,Luther,mlutherb6@unc.edu,YfEJuK7C,410-971-1190,4864673973,Female,United States
Genovera,Valentine,gvalentineb7@1688.com,Re4cLdpPP,926-939-3729,2994333134,Genderfluid,Russia
Donny,Formby,dformbyb8@instagram.com,Gv8NnT1Pr3,407-382-8191,9956181507,Non-binary,Latvia
Greg,Gounot,ggounotb9@barnesandnoble.com,pidcdhqC,358-972-2591,3713375459,Male,France
Naoma,Rough,nroughba@blogger.com,XzufU1EL,733-844-0989,5144298214,Female,China
Carolus,Arrell,carrellbb@alexa.com,8yD85ssjl,943-874-1731,3657027948,Genderqueer,Thailand
Bayard,Winning,bwinningbc@smugmug.com,yidNBH,516-565-3279,6749662576,Male,Japan
Coraline,Casford,ccasfordbd@chicagotribune.com,FQBtrGRY,453-493-0932,1234023913,Female,China
Ainslee,Vereker,averekerbe@vinaora.com,mhOJqce3YA,135-743-4093,3732286889,Agender,Indonesia
Weylin,Thorington,wthoringtonbf@upenn.edu,rKB5ThMwT8BD,714-742-7010,1128600319,Genderqueer,Honduras
Kizzie,Roseborough,kroseboroughbg@w3.org,TOChlse21Ptr,689-263-8687,3504353516,Female,Slovenia
Wenona,Wards,wwardsbh@hexun.com,Kpsviw,800-180-0417,6056177815,Female,Serbia
Wait,Piwell,wpiwellbi@yellowbook.com,AHPGst6M,576-442-5555,5047899094,Male,Palestinian Territory
Tripp,Ryan,tryanbj@prweb.com,sRIDg223Z,550-800-3430,6107647901,Male,Estonia
Matthaeus,Sewter,msewterbk@huffingtonpost.com,w8RdMUBHiyYO,196-517-8384,1131771301,Male,Guinea
Annabal,Syde,asydebl@artisteer.com,2xEUdG3l,648-352-8417,3295021292,Female,Nigeria
Ciel,Pontin,cpontinbm@nifty.com,28beN8,581-690-2837,4108873997,Female,Mongolia
Law,Sturr,lsturrbn@goodreads.com,k5rHWa7A,348-550-3286,5575041790,Male,China
Gery,Messier,gmessierbo@ustream.tv,cqmo5QcbbjAM,922-338-8822,5414188356,Male,Israel
Ivan,Pykerman,ipykermanbp@uiuc.edu,6SY2dIJB,731-316-0760,5456807358,Male,Mexico
Valentia,Harbert,vharbertbq@blogger.com,vlxAaPsG,873-178-1278,1565476864,Female,Nigeria
Israel,Hunnam,ihunnambr@xing.com,dXRvXJ4,981-257-1677,4131352582,Male,Colombia
Ezri,Landal,elandalbs@toplist.cz,zAi1jX2fq,282-320-3166,3589605547,Male,Estonia
Berky,Clough,bcloughbt@google.fr,jWqV1SNKq,730-639-6335,6084967018,Male,China
Aguste,Bott,abottbu@npr.org,O8MBT8maR,157-607-7269,6663715429,Genderfluid,Philippines
Benito,Linham,blinhambv@mozilla.org,o1kn4U,752-388-3511,9335800697,Male,France
Auroora,Losano,alosanobw@theglobeandmail.com,u13hsmQ,466-276-4833,8085885846,Female,Indonesia
Karola,Cassidy,kcassidybx@army.mil,uH705p,793-825-3814,6485269711,Female,Canada
Judon,Halden,jhaldenby@si.edu,jiFavIO17t,488-684-2963,5096875725,Male,China
Maxie,Pettingall,mpettingallbz@ask.com,jUlHBP6Z75cH,545-221-5536,5894471547,Female,Vietnam
Ashton,Carlyle,acarlylec0@dagondesign.com,yX83Abvb2Bcv,779-940-9677,7829084531,Male,Philippines
Kimmy,Berard,kberardc1@census.gov,YPvfewRnlk,140-378-2058,5397372746,Female,China
Coraline,Salan,csalanc2@sphinn.com,xyYYf3Z3,669-523-3016,3589785051,Female,Latvia
Marion,Ruttgers,mruttgersc3@hugedomains.com,quDyZR0eLPne,588-295-8327,4983186264,Female,South Korea
Frederic,Bustin,fbustinc4@canalblog.com,Qfq4nAzaEllS,764-720-5006,5158690459,Male,China
Florina,Weatherhill,fweatherhillc5@example.com,N2sV2HxdxBwF,728-256-5321,6645963764,Female,Bolivia
Murdoch,Conan,mconanc6@360.cn,l7p1gyfaN23,286-119-4171,9146706268,Male,Finland
Yolanda,Dishman,ydishmanc7@gov.uk,S6wAKr0Dj,188-630-3593,4953947434,Female,France
Rich,Ebdin,rebdinc8@vk.com,EZeWr78,880-333-3271,8284756786,Male,Brazil
Herc,Beamish,hbeamishc9@samsung.com,KsM57Sj,301-998-1499,4398408119,Male,Thailand
Lia,Kless,lklessca@mysql.com,IzkJH5P2,446-179-0339,1319874430,Female,Ukraine
Francene,Gormley,fgormleycb@wikia.com,4g77NaTYkbc,679-890-3401,4741313174,Female,France
Teirtza,Sheerman,tsheermancc@amazon.co.jp,OcDeb08,568-625-1708,8201433524,Female,Indonesia
Kyle,Achurch,kachurchcd@abc.net.au,zgX41liHoTCh,335-660-7513,4543176243,Female,France
Madelaine,Birkenhead,mbirkenheadce@dell.com,P5WID6V,682-617-7148,1305330145,Female,United States
Kippie,Barnsdall,kbarnsdallcf@fotki.com,msowha,296-149-1747,2673569477,Male,Indonesia
Gradeigh,O'Tuohy,gotuohycg@dell.com,TLZayYymKCA,386-426-5604,6935360496,Male,Japan
Gaylene,Praundlin,gpraundlinch@soup.io,9rgu9tojTtF,832-611-4116,4913364793,Female,Sweden
Stanleigh,Wellesley,swellesleyci@e-recht24.de,4MHS4311D9,497-349-3707,7359672585,Male,New Zealand
Sandor,Hanscom,shanscomcj@wordpress.org,X8ZjDyK60,316-817-9174,1255250264,Male,France
Junina,Hagard,jhagardck@google.nl,iymfxcckv,860-690-0626,2893371539,Female,Philippines
Antonino,Flipek,aflipekcl@blogtalkradio.com,PpJN5xJ1bJ,116-671-6151,6478782363,Male,Iran
Mahala,Demangeon,mdemangeoncm@who.int,bM8MTn6znA,342-850-9321,3914359158,Female,Cuba
Kynthia,Ricks,krickscn@weebly.com,PTxBWT7clv,307-405-4625,9349347122,Female,Indonesia
Lavinia,Tremouille,ltremouilleco@fotki.com,H6JiyPH,590-756-4412,2164544488,Female,Uruguay
Maxie,Beeching,mbeechingcp@youtube.com,uwMoYXtg,202-538-6574,7973071195,Female,United States
Norah,Kunneke,nkunnekecq@sciencedirect.com,a8Q2Cgcij,934-368-6916,6057544867,Female,China
Robb,Witherby,rwitherbycr@ft.com,HbIxfI,160-399-5937,4946413736,Male,Russia
Damita,Rubinfajn,drubinfajncs@auda.org.au,sagwEbR,101-312-5980,9947280514,Female,Croatia
Annissa,Derks,aderksct@ftc.gov,urh2lCO,800-261-8461,5616587378,Female,Bosnia and Herzegovina
Mal,Eyckelberg,meyckelbergcu@walmart.com,dPefI68uy5G,866-336-0955,5838199606,Male,Canada
Aurora,Durrad,adurradcv@yandex.ru,jFEv5QR,431-568-2513,2524928517,Female,Philippines
Brittaney,Dimitrov,bdimitrovcw@tuttocitta.it,qh2aVoXK,424-223-1971,3898860345,Bigender,Nigeria
Lanette,Whittington,lwhittingtoncx@craigslist.org,fAA4qH5a3Bpl,794-690-8313,1736669556,Female,Philippines
Noam,Baynom,nbaynomcy@woothemes.com,qCGHZkG,215-681-3253,9427834518,Male,Philippines
Carree,MacLese,cmaclesecz@spotify.com,nphxUMjrD,960-666-3768,6843554543,Female,Pakistan
Mollie,Reneke,mreneked0@wired.com,3HldR66M,278-556-6146,3633039977,Female,Russia
Lionel,Moody,lmoodyd1@prweb.com,t50mXl,544-305-6326,8331292999,Male,Brazil
Lazar,Danbury,ldanburyd2@istockphoto.com,xYk8Y67Gbi,408-395-3630,9225325029,Male,Somalia
Thelma,Doy,tdoyd3@wix.com,mw5hxS,719-632-5542,5413939911,Female,Indonesia
David,Mulliner,dmullinerd4@livejournal.com,gMxCer,787-177-4433,6483338519,Male,France
Doloritas,Cranshaw,dcranshawd5@jiathis.com,YNP5oK,375-871-5105,3656210885,Female,Indonesia
Thom,Raithmill,traithmilld6@friendfeed.com,MpJjr3nO5eNq,571-234-2440,3621792050,Male,United States
Derick,Walklot,dwalklotd7@amazonaws.com,3rcTMGLiZ,558-987-9599,1744124587,Male,Sweden
Freemon,Tanner,ftannerd8@europa.eu,1zO3WepfGK,457-853-9117,6669841988,Male,El Salvador
Traver,Haining,thainingd9@omniture.com,nbbU7oo0sse,905-712-4632,1255601621,Male,France
Aryn,Bladder,abladderda@dot.gov,83f1QdMnLn5,838-358-2866,7179926799,Female,China
Westley,Chipps,wchippsdb@statcounter.com,7PV8c7,955-930-4862,8304345610,Male,Sweden
Helen-elizabeth,Francombe,hfrancombedc@posterous.com,bbSpfw8B,488-887-4797,4848049669,Female,Indonesia
Brigitta,Follitt,bfollittdd@flickr.com,yNx1eSy6xT,321-652-7332,6514426551,Female,Czech Republic
Orran,Panas,opanasde@goodreads.com,pVcg0vB,231-792-0369,7697108420,Male,Turkey
Jefferson,Laidlow,jlaidlowdf@wisc.edu,UD7mnFZNtPsV,312-558-1312,4037308142,Male,Russia
Grete,Carnall,gcarnalldg@xinhuanet.com,ggG7hPkmu,388-928-3843,1929396073,Female,Indonesia
Garrick,Antoinet,gantoinetdh@si.edu,VlY5eeeott,754-663-3435,5071342062,Male,China
Reinhard,Rustan,rrustandi@histats.com,uJJOXwj04n,506-904-1488,1379913259,Male,Curacao
Alis,Revan,arevandj@fda.gov,MqqfjKj,446-829-5543,2514751878,Female,France
Felizio,Sola,fsoladk@umn.edu,BlF87EEPeO,294-626-8295,7253529497,Male,Greece
Wilma,Tonkinson,wtonkinsondl@etsy.com,iMheiF9,272-768-0729,6705434200,Female,Indonesia
Emilee,Pile,epiledm@mapquest.com,witC0uvV1,895-852-4730,5453176536,Female,China
Ernesto,Lowen,elowendn@phpbb.com,czrFEf6bDF,661-590-3272,7431033594,Male,Poland
Wesley,Longworth,wlongworthdo@a8.net,q6sRRBTU,365-173-9387,7144431613,Male,Slovenia
Crysta,Duggleby,cdugglebydp@networkadvertising.org,EiNSSts,803-923-7495,1966849495,Female,Indonesia
Benjamin,Fazan,bfazandq@instagram.com,D6GrhyKj0QiP,671-309-5364,8276827409,Male,China
Lane,Chaulk,lchaulkdr@prweb.com,7uC0KgbsL8s,402-844-4779,9718195139,Male,United States
Baxy,Schott,bschottds@nationalgeographic.com,j9ZXX2K,519-127-6276,6203980743,Male,Colombia
Jarrid,Seleway,jselewaydt@tamu.edu,xh6DKD,583-798-7396,8267207868,Male,Colombia
Mel,Murtell,mmurtelldu@alexa.com,ZLz5uGaM,415-743-1375,7979445583,Male,China
Rosalia,O' Borne,robornedv@drupal.org,Bj1Hhd4E6NEU,958-853-9606,5749554202,Female,Kenya
Muffin,Hessle,mhessledw@skyrock.com,ZBGdtpUPy4P5,119-969-7859,4116732391,Male,Portugal
Whitney,Facer,wfacerdx@uiuc.edu,L7pQtY,293-891-2748,8833250182,Female,China
Gaylord,Gruczka,ggruczkady@mtv.com,DbTi6Qe,775-307-5037,7056464726,Male,China
Maryanne,Corry,mcorrydz@is.gd,xQJjyoaV5R,473-387-3159,5341134447,Female,Georgia
Shelba,Douse,sdousee0@gnu.org,VQrwyRvbQ,121-832-4681,9362929417,Female,Russia
Davidson,Ramble,dramblee1@skyrock.com,trcrMFVf,134-844-2503,6509337308,Male,Nigeria
Kary,MacMickan,kmacmickane2@freewebs.com,SEF1hd,261-721-4710,1416526835,Female,Portugal
Julia,McGarrie,jmcgarriee3@google.co.uk,wfhAbVctuE,658-151-2306,1778545949,Female,Brazil
Yankee,Dytham,ydythame4@arstechnica.com,k0of2moBRnQB,833-848-2704,1455475682,Male,Colombia
Berky,Leeburn,bleeburne5@skyrock.com,FjeClLSUoi,935-390-7119,3169939549,Male,Central African Republic
Irina,Weatherall,iweatheralle6@netvibes.com,3nGZeAIxC,256-987-7406,6185108186,Non-binary,Portugal
Rosemary,Bottrell,rbottrelle7@example.com,l6zRmDa,535-818-7446,1808029861,Female,Greece
Nickie,Raggitt,nraggitte8@issuu.com,9kGn66lUvV,687-520-4680,6906000047,Male,Argentina
Glenine,Groarty,ggroartye9@washingtonpost.com,GybxD24im,790-731-4148,7552757618,Female,China
Marlowe,Tring,mtringea@discovery.com,woZmYwdGHf4y,494-412-5902,4533463906,Male,Ukraine
Ronni,Drummond,rdrummondeb@google.com.au,WJGETBPpaP,413-847-6374,3909967190,Female,China
Sybila,Ranyelld,sranyelldec@1und1.de,CJRecVr8BvU,801-869-5680,1893777913,Female,United States
Sofia,Crat,scrated@theglobeandmail.com,Ud8f6lyHC,978-668-9895,8486736925,Female,Afghanistan
Hadria,Cadney,hcadneyee@merriam-webster.com,tyddVCrgf,789-215-1911,7696032718,Female,Poland
Sapphira,Griss,sgrissef@netscape.com,4f7cLPx,800-609-1255,2188113326,Female,Sweden
Kaitlyn,Crowdy,kcrowdyeg@theguardian.com,U1AiSN,773-488-0909,6649262866,Female,Poland
Joleen,Spencelayh,jspencelayheh@facebook.com,hp6TYCHYqrI,736-546-5457,3956524380,Female,France
Aubrie,Barwick,abarwickei@oaic.gov.au,3MWskV,672-993-2158,3623167845,Female,Brazil
Jordon,Macguire,jmacguireej@addthis.com,P9I34ia1,433-429-4276,2304929080,Male,Indonesia
Inglebert,Bony,ibonyek@vk.com,SToBEpn4dy,926-978-3754,2598829067,Male,Zambia
Dolorita,Sperrett,dsperrettel@plala.or.jp,ZAIoNFHDeT,871-737-0622,3823998968,Female,Indonesia
Mallory,Short,mshortem@vk.com,UF89cLeg2v,543-437-7103,8971834236,Female,Colombia
Thornie,Manis,tmanisen@purevolume.com,t6fnINcuVs,846-628-8025,3408020670,Male,Philippines
Adrienne,Rudd,aruddeo@bluehost.com,Sr2jfWkZDH,514-962-5645,9866521658,Female,Bulgaria
Karlens,Lavallie,klavallieep@europa.eu,7QCZmCIt27,381-532-9485,5347702685,Male,Peru
Ambrosio,Salmond,asalmondeq@irs.gov,2DbG0Y8hz,957-564-5548,9056550339,Male,Thailand
Annadiana,Whitrod,awhitroder@census.gov,ytw2EU,609-645-4927,1207240974,Female,Poland
Ryan,Bratchell,rbratchelles@csmonitor.com,AUHlIU6N9,179-222-0975,1368320905,Male,China
Norman,Skipsey,nskipseyet@springer.com,3dduHod,482-327-3675,3695223707,Male,China
Amory,Georg,ageorgeu@networkadvertising.org,rZWEE1UUAMQ,994-935-3012,7816258751,Male,Pakistan
Milli,Inglesfield,minglesfieldev@4shared.com,d0cBu792OEH,530-500-6236,6139705120,Female,France
Dougie,Stoneley,dstoneleyew@cnbc.com,nNV2uLdo4h,533-771-4101,1325638762,Polygender,France
Aldus,Dade,adadeex@vkontakte.ru,gyZDj3vb,824-312-2029,2035553473,Male,Philippines
Thom,Lockhurst,tlockhurstey@zdnet.com,5HUp3TXC3,263-817-1086,7587753626,Male,Indonesia
Revkah,Lowless,rlowlessez@wsj.com,ZasT5v,742-349-2152,7486769064,Female,Libya
Shurlock,Dopson,sdopsonf0@github.com,vYnbkmDTp5,969-351-4548,1587988662,Male,South Africa
Farr,Kennham,fkennhamf1@biglobe.ne.jp,3Jijhn,397-220-1011,6198956224,Male,Colombia
Sandy,Ostler,sostlerf2@zimbio.com,RifDBFP,270-640-7464,8729798931,Female,Tanzania
Tana,Filip,tfilipf3@cdbaby.com,VNHDkKcei,887-482-9022,8047284214,Female,Philippines
Gage,Jellett,gjellettf4@fema.gov,fHzwj8tj9p6N,461-636-0258,2499159080,Agender,Philippines
Yorgo,Bonevant,ybonevantf5@google.es,OQb7VT4nwAu,921-947-2144,5597874798,Male,Indonesia
Thatch,Crookston,tcrookstonf6@patch.com,mhmdpzJ,145-593-4177,5832845896,Male,Sudan
Skell,Bygrave,sbygravef7@soup.io,iJsRfIkw,461-364-5781,2473305820,Male,China
Brad,Durman,bdurmanf8@elegantthemes.com,dgCz6x,782-965-1181,7875955391,Male,Morocco
Selia,Upson,supsonf9@sohu.com,y4I9xVD7u,447-855-5752,2289444271,Agender,Ukraine
Gardiner,Imlock,gimlockfa@cyberchimps.com,w6QoEPnlHhj,260-500-2060,5928352991,Male,Philippines
Marve,Glascott,mglascottfb@pagesperso-orange.fr,g2S9AI6g,367-906-7663,9159911117,Male,Portugal
Krissy,Franckton,kfrancktonfc@mapy.cz,qzVMaVRP7Uvg,717-363-9686,3586201921,Female,China
Christophe,Godart,cgodartfd@bandcamp.com,PAauKlMk6,785-425-2540,1533677122,Male,Indonesia
Judas,Leader,jleaderfe@eventbrite.com,y0O2ISdx8,482-290-9914,3614790037,Male,Czech Republic
Jarad,Larne,jlarneff@craigslist.org,tsmXs9uQAC,621-542-3258,9942508825,Male,Greece
Zora,Haggerston,zhaggerstonfg@mtv.com,DQ31raO,695-751-3949,2051456605,Female,Russia
Garth,McGorley,gmcgorleyfh@alibaba.com,XPWfGyoM,293-171-1823,4986728662,Male,Kuwait
Zeb,Vasyagin,zvasyaginfi@comcast.net,NAByK2DvAq,468-335-5291,9584341524,Agender,South Africa
Jennine,Solomonides,jsolomonidesfj@zdnet.com,hzR5xh,862-601-6806,5205724012,Female,China
Jasmine,Mowne,jmownefk@washingtonpost.com,MFDAspTeY,774-897-2694,6071885711,Female,Indonesia
Gracia,Demageard,gdemageardfl@archive.org,RKGh7Usu6BG,304-453-0205,4072837727,Female,Russia
Bancroft,Biesinger,bbiesingerfm@deviantart.com,xJmx8aEw1,542-207-0018,7314139317,Male,China
Julita,Ickovits,jickovitsfn@ycombinator.com,zuUo3wJc9Sf,173-665-3635,7611444312,Female,Denmark
Gerda,Bausmann,gbausmannfo@wsj.com,p1WmJfTUlc,460-210-9638,6407830809,Female,Indonesia
Derek,Garthside,dgarthsidefp@yahoo.com,VII35oKkv,658-981-7653,3624531312,Male,Madagascar
Johnnie,Whatson,jwhatsonfq@ted.com,kkEGmSoQ4,252-888-6434,4249988802,Male,Madagascar
Garret,Cordall,gcordallfr@xinhuanet.com,zZc8Ct,584-963-6892,3177447507,Male,China
Theda,Sauvain,tsauvainfs@unesco.org,bOnnfWHOA3W,242-677-6831,2226336422,Female,Honduras
Sasha,Kinloch,skinlochft@bing.com,Yw4I9K24M,351-685-3185,2744189855,Genderqueer,Nepal
Eli,Sherrard,esherrardfu@yellowpages.com,hfeOvhgb,905-967-3475,9374853166,Male,China
Tildi,Bloor,tbloorfv@flavors.me,uBWxwluaQHyj,315-438-0966,9228191678,Female,Malta
Euell,Copo,ecopofw@google.de,R9bZLUma8X,829-567-8028,1813150547,Male,Norway
Sterne,Jenyns,sjenynsfx@nhs.uk,6HZELk2q5ABC,388-217-8892,1757288732,Male,Philippines
Lulu,Cubbino,lcubbinofy@wufoo.com,U9mB1T38,453-164-0182,9819921100,Female,Cameroon
Keane,Batecok,kbatecokfz@acquirethisname.com,AsCoeftH1,507-715-3944,3699598968,Male,Indonesia
Harlin,Vettore,hvettoreg0@dedecms.com,VNk7gmlpwA,156-698-7518,1783259404,Male,China
Nicolette,Vevers,nveversg1@sogou.com,cV6rnUuolc,240-220-8212,7943809187,Bigender,Honduras
Paul,Duncanson,pduncansong2@buzzfeed.com,Be1eiNQ,382-750-9498,8741065512,Male,Sweden
Codie,Megainey,cmegaineyg3@quantcast.com,4j8CMqIdO0,309-817-8817,8176867053,Male,Belarus
Bab,Greensides,bgreensidesg4@godaddy.com,PtTLdVqvpmr,609-642-1687,8353000153,Female,Czech Republic
Krystyna,Piotrkowski,kpiotrkowskig5@bloglines.com,Nf3Ycsk4XrFo,184-431-4146,8912049779,Female,Spain
Ronica,Risbridger,rrisbridgerg6@marriott.com,7cHsRgtvo,428-430-4958,6014075149,Female,Portugal
Estrellita,Jorez,ejorezg7@mapquest.com,nxyW9jFEhMb,539-521-3692,2057844101,Female,China
Asa,Keggins,akegginsg8@amazon.com,WfLcy8,503-844-5577,9861221353,Male,Ireland
Caryn,Tomlett,ctomlettg9@shutterfly.com,qCJ4rz,453-198-3403,2341679574,Female,Indonesia
Lidia,Cranstone,lcranstonega@ycombinator.com,eDBgHu,854-124-1645,1745974201,Female,Cuba
Griffy,Josipovic,gjosipovicgb@hugedomains.com,UPURSVw85Bj,253-946-2613,8234192259,Male,Philippines
Mohammed,Raraty,mraratygc@com.com,guPwcZF,807-400-4408,9206066840,Male,Uruguay
Kenny,Twomey,ktwomeygd@yandex.ru,6xwm71FT,822-525-3147,2976093538,Male,Indonesia
Ivan,Proffitt,iproffittge@live.com,VE4bpE,104-103-7105,3291584452,Male,Indonesia
Irvine,Gammack,igammackgf@jugem.jp,vB85gLzy,712-746-7546,5218558896,Male,Ukraine
Cull,Petrichat,cpetrichatgg@hc360.com,o65R2dNlNW,128-254-9588,6944587529,Male,Thailand
Gabrielle,Borgne,gborgnegh@miibeian.gov.cn,c2x8jyR,325-873-8796,3918725048,Female,Pakistan
Dorisa,Kollas,dkollasgi@china.com.cn,1ru3bM5MGFe,138-139-1173,5675795447,Female,China
Sharlene,Tedridge,stedridgegj@privacy.gov.au,2o5KJsVi83C,445-407-7147,2288699208,Female,Indonesia
Krystal,Coleson,kcolesongk@myspace.com,88jeE1DDH1k7,638-469-1298,1729498333,Female,China
Harlene,Dict,hdictgl@rambler.ru,fhOGHU2,879-670-1742,3019174513,Female,Peru
Jacquie,Hintze,jhintzegm@mac.com,4zZ0fy,916-960-4505,8642043496,Female,France
Siward,Wedgbrow,swedgbrowgn@typepad.com,JFmeAmrQ1x,206-196-9440,8194023658,Male,China
Denise,Norvel,dnorvelgo@gizmodo.com,esHa19emhqw,757-276-7440,5725620503,Female,France
Zandra,Bridel,zbridelgp@uiuc.edu,4ep8MebWI,412-172-5992,2888886966,Female,United States
Virgie,Ucchino,vucchinogq@ed.gov,iuYRBPguX,423-624-1861,3637262085,Female,Albania
Tiff,Woodham,twoodhamgr@buzzfeed.com,TW7tSMx,253-668-2843,6032800154,Female,Argentina
Cairistiona,Rown,crowngs@nature.com,g08cqzFeueBz,568-893-4798,2959480157,Female,Indonesia
Uri,Largen,ulargengt@mapy.cz,RYMTX0fLs,720-988-5934,6406171506,Bigender,Israel
Cyndia,Robertsen,crobertsengu@github.io,HyR0RK,588-986-0657,7186228943,Female,Thailand
Imelda,Wellbelove,iwellbelovegv@ovh.net,56dFyl9js,434-833-6270,8383033446,Female,Sweden
Meridith,Bridge,mbridgegw@zimbio.com,I5VESN0t,888-931-6951,6977868571,Female,Argentina
Annabell,Osgood,aosgoodgx@github.io,VBPC6K,443-787-9723,6199166162,Female,Czech Republic
William,Grinval,wgrinvalgy@surveymonkey.com,gDI1VAyJD4,468-407-1321,5868315588,Male,China
Elfrida,Ashleigh,eashleighgz@biblegateway.com,rJK5mbI2,500-937-8497,6047003968,Genderqueer,China
Martyn,Wimpress,mwimpressh0@msu.edu,Y61MlMq,600-148-9113,1491027606,Male,Nigeria
Lianne,Jelphs,ljelphsh1@engadget.com,LhVg3m,714-364-7513,9299867122,Female,France
Perkin,Endrizzi,pendrizzih2@delicious.com,TrfOMhA,284-425-0475,2085495578,Male,Argentina
Carlos,Eborn,cebornh3@scribd.com,qCbLDf8,663-566-0055,3894912659,Male,Portugal
Miles,Billyeald,mbillyealdh4@miibeian.gov.cn,J2MXI4b,134-624-3677,6583064437,Male,France
Kennie,Dumbleton,kdumbletonh5@army.mil,k3r80RuMs6Dw,381-615-5885,5237741531,Bigender,Bosnia and Herzegovina
Jennee,Sibylla,jsibyllah6@gov.uk,3AGWAwW2,141-611-4312,7701056585,Female,Poland
Brigit,Hussey,bhusseyh7@discovery.com,YzrNF05vx,251-303-5134,4931909014,Female,China
Ive,Cranmore,icranmoreh8@bloomberg.com,NC00zZ,690-881-3141,2013715557,Male,Indonesia
Lorianna,De Cristofalo,ldecristofaloh9@unesco.org,4GlZMhb9MQ,120-861-0309,3947508638,Female,Poland
Madelene,Clarke,mclarkeha@cnn.com,iOfJ1Dy,369-152-0591,3639121929,Agender,Saint Barthelemy
Galvin,Covotti,gcovottihb@angelfire.com,1zs2N0Ik,416-993-3503,6637544462,Male,China
Elvis,Blandamore,eblandamorehc@webs.com,9wZNSkTp,585-268-9901,3554686164,Male,Jamaica
Lucias,Sheirlaw,lsheirlawhd@fda.gov,C9FOss6,324-965-0467,1769846189,Male,Israel
Thain,Mosedill,tmosedillhe@ezinearticles.com,BQnvSukvS3,281-584-7609,5536143967,Male,Bulgaria
Caldwell,Faussett,cfaussetthf@usnews.com,KBmTW5KpMg,755-619-0993,6934221929,Male,Sweden
Forrester,Cholmondeley,fcholmondeleyhg@globo.com,xZ0MUdgjW,593-630-2385,5099039065,Male,China
Sheelagh,Antognelli,santognellihh@msu.edu,78DdYEgnU5TP,281-229-0423,2209890917,Female,China
Bettye,Breazeall,bbreazeallhi@umn.edu,w2GhkUm,495-189-9490,5081877993,Non-binary,China
Sela,Yakebovitch,syakebovitchhj@simplemachines.org,BoFg4thA30EH,635-869-5353,3618135976,Female,Malawi
Donal,Gosker,dgoskerhk@irs.gov,tFCWVcSwl,983-799-7645,2776496615,Genderqueer,Russia
Sheff,Filer,sfilerhl@illinois.edu,nWxWGiTUTv,843-238-0691,8857497855,Male,China
Amye,Chelley,achelleyhm@examiner.com,aAmw7gz,340-777-4625,7438369487,Female,Austria
Bastien,Willingham,bwillinghamhn@technorati.com,eilMbhnBwWZ,710-832-2966,4052737789,Non-binary,Mali
Mark,de'-Ancy Willis,mdeancywillisho@moonfruit.com,IiFi7wEM,676-173-3441,4284652421,Male,Indonesia
Austen,Spratling,aspratlinghp@paginegialle.it,Hkxb3ZLCcs,477-494-3093,4465327288,Male,Portugal
Richard,Sandercock,rsandercockhq@github.io,eu2Gmx9DOAF,248-793-7545,9797402608,Genderqueer,Sweden
Odelia,Buessen,obuessenhr@edublogs.org,ER8qW7PS,213-452-3412,4143322762,Female,United Kingdom
Kristofer,Vagg,kvagghs@mapy.cz,9GnOWC,605-401-6034,7708519408,Male,Indonesia
Kirstin,Blamphin,kblamphinht@yahoo.co.jp,ofS3Jw4,330-463-6485,8243293435,Female,Mozambique
Boot,Colt,bcolthu@si.edu,G4z0u5g,246-194-2210,7242944654,Male,Finland
Hanny,Hockey,hhockeyhv@nps.gov,ICNRZeFMD,801-124-8678,9892391918,Female,United States
Georgianne,Seniour,gseniourhw@google.cn,RchvK2tCjLf,698-830-8700,7138774961,Female,China
Brande,Howkins,bhowkinshx@fotki.com,ErwWwds9U20,373-442-8611,3259613304,Female,Bulgaria
Eb,Panas,epanashy@constantcontact.com,mi5brVEne2M,448-718-3818,7901774043,Male,Croatia
Alvina,Paviour,apaviourhz@umn.edu,vwPHPfGE,856-195-0168,4134050917,Female,Indonesia
Curtis,Tredger,ctredgeri0@samsung.com,2f0SNN,985-520-5587,3322371788,Male,Indonesia
Jemmy,Liquorish,jliquorishi1@wunderground.com,PPa31aDD,763-162-3224,4572628129,Female,Peru
Leia,Udey,ludeyi2@eepurl.com,xMchE8qL,973-753-9986,6105833887,Female,Senegal
Libby,Desborough,ldesboroughi3@pen.io,ew3iE711m,428-461-6223,6287392964,Female,Chile
Rafael,O' Mullan,romullani4@pcworld.com,Gkivv2sz4yl,706-208-0953,2275884670,Male,Portugal
Chet,Mourant,cmouranti5@slashdot.org,srfVBy,165-601-6561,6808507276,Agender,Canada
Miquela,Lydon,mlydoni6@rediff.com,1tEPnQokr,829-214-2484,9156167834,Genderfluid,China
Carolyn,Chantrell,cchantrelli7@skyrock.com,7HeRbg03Qul,195-780-2082,7281896803,Female,China
Alfons,Belliveau,abelliveaui8@sitemeter.com,daGW3seFSWUY,937-430-9688,5723207689,Male,Tanzania
Trescha,Kellaway,tkellawayi9@cargocollective.com,9zVma5P88WQ,447-332-2905,3196112490,Female,China
Karil,Rainon,krainonia@symantec.com,7cwCrTg,195-391-7136,5648387816,Female,Czech Republic
Waiter,Azam,wazamib@bbb.org,uII5A6c3w8X,368-791-4301,1482009548,Male,Belarus
Gianina,Alldritt,galldrittic@bigcartel.com,W4BDYoRBc8,540-569-6386,9322642730,Polygender,China
Welbie,Le Maitre,wlemaitreid@dedecms.com,MAd3y4D,588-554-6172,6906949349,Male,Sweden
Ailina,Arnet,aarnetie@comsenz.com,wySruo,338-850-5003,3643126941,Female,Russia
Bee,Macey,bmaceyif@delicious.com,6izp2JMb,337-761-7377,3646901459,Bigender,Philippines
Sinclare,Godney,sgodneyig@livejournal.com,FVDNnEM,297-257-8006,2685916618,Male,Japan
Bengt,Marzelle,bmarzelleih@psu.edu,E6lgqUSfH,778-388-7846,7366521837,Male,Russia
Frayda,Beauchop,fbeauchopii@trellian.com,JeDGQu7,649-716-8902,2098593594,Female,Brazil
Wendye,Gligorijevic,wgligorijevicij@symantec.com,DFNvaViRkqmZ,604-520-7088,7832374121,Female,Russia
Reuben,Maisey,rmaiseyik@ftc.gov,h3SKPrPdArzf,193-174-3936,6711585382,Male,Sweden
Marve,Hurdis,mhurdisil@diigo.com,kXH7gACJ,391-606-4152,1974094775,Male,Iran
Neill,Sinott,nsinottim@spotify.com,2Krnh17,743-375-1313,2484522051,Male,Indonesia
Wyatt,Affuso,waffusoin@google.de,b3xp3L,654-958-1865,4367990804,Male,Indonesia
Maurise,Jeaffreson,mjeaffresonio@narod.ru,bPyRlHHqwq,163-261-3973,1992976713,Female,Russia
Gusti,Dudenie,gdudenieip@washington.edu,LnB4WQfbh,670-966-6065,3422676515,Female,Croatia
Quintus,Caddan,qcaddaniq@symantec.com,MuS7BSevaXJ,519-259-4355,2103863514,Male,Venezuela
Sadella,Edge,sedgeir@mapquest.com,AV9As1,524-797-7951,5806184390,Female,Russia
Ellynn,Chopping,echoppingis@flickr.com,o25NIH8qXeeL,257-509-2669,4148016492,Female,China
Adelina,Coltherd,acoltherdit@chron.com,ssUdLb6mE,684-464-2489,9334049397,Female,Indonesia
Eddi,Abbys,eabbysiu@reddit.com,MM2zXi7KcpCA,682-262-0435,1179102989,Female,Peru
Alfy,Durtnall,adurtnalliv@theglobeandmail.com,Q3wheg2W,306-803-7614,8669373088,Male,Indonesia
Hope,Brumby,hbrumbyiw@tinyurl.com,XgHdVKLHpMlW,445-256-9533,9431739889,Female,Zambia
Zed,Beneteau,zbeneteauix@networkadvertising.org,33Pq6EIVul0L,502-830-2281,1044696871,Male,China
Kristofor,Brandes,kbrandesiy@bing.com,wniJ6LyOP2,727-253-6096,3663218189,Male,Canada
Dee dee,Legan,dleganiz@printfriendly.com,WGU5hio9Nad,967-369-5205,5132098785,Female,South Sudan
Connie,Scamel,cscamelj0@bloglines.com,fYV7CM,882-539-8259,1982716966,Genderqueer,Indonesia
Thorny,Mortimer,tmortimerj1@flavors.me,Lsh7odNY4H,874-668-5257,9844758911,Male,Colombia
Jim,Odams,jodamsj2@baidu.com,9KSJOtqX3xh,838-988-8208,3409190352,Male,Indonesia
Leonerd,Richmond,lrichmondj3@vinaora.com,xhRilSE,167-233-8308,1083930939,Male,Poland
Yolanthe,Hartright,yhartrightj4@netlog.com,fYhZEZ5osAW,965-672-1203,7588268085,Female,Yemen
Bruce,Stimson,bstimsonj5@wordpress.org,HiD5RZkeVbyi,995-387-9098,9771603982,Male,Portugal
Wainwright,Goodbarne,wgoodbarnej6@infoseek.co.jp,Wq1D1B,916-512-9992,4552755430,Male,Nepal
Kare,Wigelsworth,kwigelsworthj7@mozilla.org,zBUXSFOZ,873-583-9232,3943800138,Female,China
Zaneta,Dowsey,zdowseyj8@usnews.com,3uJFZCSDqb,418-987-6900,9029533492,Female,China
Dorene,Dunford,ddunfordj9@columbia.edu,2qckWA8qXhOd,231-636-9033,4435054617,Female,Guinea
Jade,Kemell,jkemellja@cmu.edu,AUM1by,643-282-2833,6415457708,Female,North Korea
Jazmin,Stain,jstainjb@mozilla.com,3lE5mRzdyJbo,697-879-9410,5087878089,Genderfluid,China
Collie,Huson,chusonjc@smh.com.au,C3c0ur,769-287-7899,9343993653,Non-binary,Indonesia
Friedrich,Clynman,fclynmanjd@friendfeed.com,tiz7r7tu3B7,920-259-8149,5598129477,Male,Indonesia
Meridel,Dalton,mdaltonje@people.com.cn,G9F6kvgQ,213-642-5487,3971123770,Female,Honduras
Maureen,Shattock,mshattockjf@trellian.com,igO8FmLm5ov,878-309-3905,5377124485,Female,United Kingdom
Ruthanne,Bottom,rbottomjg@ning.com,1XRNqP,107-103-4136,7813643787,Female,Russia
Bourke,Stain,bstainjh@shinystat.com,kt01GyLM,373-851-6770,2297940907,Male,Sweden
Rubi,Matushevitz,rmatushevitzji@sciencedaily.com,QjpZFNQ7,187-509-7495,2975163623,Female,Syria
Henryetta,Abade,habadejj@bluehost.com,z7tww5GCrfR,250-300-9846,8483885201,Female,Venezuela
Chaddie,Wellbeloved,cwellbelovedjk@nyu.edu,OyI3FeQJ1,505-108-9788,9406038731,Male,United States
Leah,Haswell,lhaswelljl@smugmug.com,NgdKQh,792-537-1730,4424198709,Non-binary,Russia
Arte,Fillis,afillisjm@taobao.com,IUJCEPG2,778-435-7886,9479278133,Male,Portugal
Magdaia,Othen,mothenjn@mysql.com,4nwRLNkM,743-642-6026,2549457964,Female,Sweden
Niki,Ghiriardelli,nghiriardellijo@umn.edu,u1CF49Wpw2a,798-555-0849,7724688879,Female,China
Kendrick,Cochrane,kcochranejp@list-manage.com,hCBgJ4,909-554-0306,5395611177,Male,Russia
Korry,Ditch,kditchjq@indiatimes.com,SBiPePred,751-218-4865,3341232740,Female,Russia
Amaleta,Garvey,agarveyjr@live.com,xy1vj3A,778-535-0073,8044053959,Female,Russia
Warren,Gadman,wgadmanjs@1688.com,OymoTDGveH,146-117-5455,4676025036,Male,Cuba
Phillis,Darter,pdarterjt@gmpg.org,ucloxFMJ,719-583-4826,4618689285,Female,China
Windham,Spriddle,wspriddleju@sourceforge.net,B4GDTHgWx,819-369-8179,8669790026,Male,Portugal
Samuele,Decreuze,sdecreuzejv@163.com,l2HlRMS,834-537-7930,5344393731,Male,Indonesia
Noe,Kember,nkemberjw@goo.ne.jp,1KQfYP3Xu,721-222-4298,7846051199,Male,United Kingdom
Lizzie,Odde,loddejx@blogs.com,ygWVm0yOrps,647-954-2753,4933207228,Female,Argentina
Raffarty,Hammand,rhammandjy@nyu.edu,9VS62hx8,106-990-5439,9067516441,Male,Brazil
Ike,Spreadbury,ispreadburyjz@irs.gov,X1SXwtYeGJh,425-431-1704,4872018066,Polygender,Mongolia
Eliza,Pletts,eplettsk0@microsoft.com,72nrB3pZX5,264-804-3606,8608422593,Female,Israel
Randee,Sirmon,rsirmonk1@lycos.com,lyZqqToG9Y,348-136-9227,8655933058,Genderqueer,Palestinian Territory
Karyn,Bamborough,kbamboroughk2@army.mil,447GnG,990-833-9375,6366180345,Female,Poland
Arden,Seary,asearyk3@gnu.org,6Ibw8OoIv,182-890-2889,3234215098,Female,Estonia
Sibel,Cawsey,scawseyk4@liveinternet.ru,z3ELByeTzS,553-101-9408,7683529148,Female,China
Quintana,Phippen,qphippenk5@w3.org,bJHC7mEui,663-360-6098,8827352011,Female,Philippines
Lauree,Heikkinen,lheikkinenk6@topsy.com,mQdRsO5,834-266-1425,2149841262,Female,China
Murdock,Kettoe,mkettoek7@nytimes.com,AYLJctb,365-679-3107,5726963676,Male,China
Malvina,Pucknell,mpucknellk8@live.com,ZOQ2esnn,316-590-0785,2605452855,Female,France
Thibaut,Llewellyn,tllewellynk9@ftc.gov,s9gC3nuIeKaP,616-312-6337,1037161503,Male,China
Sampson,Martelet,smarteletka@arizona.edu,HWbyJEp,142-242-9365,8843892149,Male,Portugal
Richmond,Gaynsford,rgaynsfordkb@marketwatch.com,qKhwLfgNXI8,810-905-7855,6793395613,Male,Peru
Jarred,Naulls,jnaullskc@cafepress.com,R6MSqjEDSU,789-681-3687,7205071883,Male,France
Grayce,Blowick,gblowickkd@sfgate.com,Id4dIrhwTDM9,612-259-5891,5437899129,Female,Russia
Gregg,Storck,gstorckke@biglobe.ne.jp,J0GWzi3MG,991-454-8026,1315142693,Male,Afghanistan
Hilton,Moller,hmollerkf@people.com.cn,IrCiO3rF,941-239-7720,7466388002,Male,United States
Tobe,Matt,tmattkg@mapy.cz,FT5QnLxSnl5,854-243-6549,7544337268,Male,Indonesia
Susanna,Leaburn,sleaburnkh@apple.com,VaxjR3E,913-794-3174,3698563721,Female,Ukraine
Misha,Rentelll,mrentelllki@unesco.org,HtwdaGowgz,568-693-3563,2929284904,Female,Mongolia
Shalne,Vicary,svicarykj@google.nl,c4VpzSx,187-582-6971,3751132718,Female,Brazil
Joshua,Castree,jcastreekk@google.de,SQ6lDhN,189-189-0941,2406878170,Genderfluid,Brazil
Bryn,Wattinham,bwattinhamkl@arizona.edu,yDjZLP,596-490-5166,3809609540,Male,Greece
Michelle,Farens,mfarenskm@yolasite.com,2S0bQshSb,356-899-8629,4437567627,Female,Azerbaijan
Chere,Duckwith,cduckwithkn@amazon.de,lpoNpH,460-417-3032,6034072633,Female,Indonesia
Kleon,Swinden,kswindenko@google.ru,EDoK4P1n,515-351-4294,5598300302,Male,Serbia
Antonin,Bucktharp,abucktharpkp@naver.com,34wpzK,352-252-2897,5081691644,Male,Indonesia
Damara,Marikhin,dmarikhinkq@amazon.com,4A57Hu6nZI,710-807-0229,5337782123,Female,Serbia
Lorelle,Mugleston,lmuglestonkr@msu.edu,JsqyMFu6q,299-210-3252,9567148595,Female,China
Ashlin,Di Boldi,adiboldiks@economist.com,QViKeZL7,536-318-9339,1493607794,Male,Sierra Leone
Meg,Taggett,mtaggettkt@reuters.com,4OiIDW7Jv,476-125-2153,8737423823,Non-binary,China
Donall,McAless,dmcalessku@blogger.com,jEY63PB,216-739-1914,3684517160,Bigender,China
Sammy,Brister,sbristerkv@abc.net.au,y7lW4osH,863-960-2997,3137875457,Male,Indonesia
Jamison,Elgar,jelgarkw@github.io,l4JfLT6,397-931-4023,9597614525,Male,Poland
Jenni,Reedman,jreedmankx@zimbio.com,lw8kbO1CPu,341-943-9479,4956424472,Female,China
Tamas,Mogey,tmogeyky@spotify.com,s4wNps,897-825-5056,8339247281,Male,Ukraine
Osbourn,Nussii,onussiikz@china.com.cn,HTN1I2M,628-774-5005,1911507138,Male,Sweden
Stephine,Sturzaker,ssturzakerl0@github.io,kNgwuzpvpPQ9,810-653-8379,6174514966,Female,Philippines
Fayth,Whitlow,fwhitlowl1@europa.eu,gILXhnN5I,282-659-0336,4433443759,Female,Uganda
Brent,Jemison,bjemisonl2@cbc.ca,UxbklyF,144-633-1954,6173218726,Male,Portugal
Nick,Sanbrooke,nsanbrookel3@paypal.com,0foUUuyeZl,577-923-8899,3738975378,Male,France
Lew,Denisyev,ldenisyevl4@latimes.com,x9FcmYVX2,764-428-9556,5512384708,Male,Afghanistan
Katrina,Kernocke,kkernockel5@twitter.com,j6i0QjMJJUrJ,799-325-2592,1933621454,Female,China
Roderich,Stille,rstillel6@yellowbook.com,GwNvcjXTNBz,711-161-0500,5366913856,Male,Philippines
Antonetta,Pearce,apearcel7@godaddy.com,ka6NUb42x0Nr,729-985-1399,1163736040,Female,Madagascar
Magnum,Dradey,mdradeyl8@mayoclinic.com,Jo97VXqjkPGI,765-879-4212,3515163631,Male,China
Vale,Rickerd,vrickerdl9@flavors.me,U3IdeD2hTu,356-859-6563,8217035353,Non-binary,Ukraine
Lexie,Softley,lsoftleyla@nhs.uk,JtXZltaKn,886-792-3492,7743402683,Female,Tajikistan
Sally,Bambrough,sbambroughlb@nps.gov,LGEIkztdl,827-201-5335,6003668846,Female,China
Cobbie,Meeks,cmeekslc@twitter.com,ABd0kXSv,598-637-9003,3875188521,Male,Sweden
Hewet,Ankers,hankersld@hud.gov,xpKVRBoCe,735-468-7946,5739003740,Male,Mexico
Jaime,MacIlhargy,jmacilhargyle@goo.gl,fKG0VlzUFO,999-967-9990,9443194678,Female,Sweden
Maximilian,Boxe,mboxelf@mozilla.org,Y0GhxRzm,566-456-6436,4976705353,Male,Russia
Burch,Do,bdolg@spiegel.de,AnoaB3,793-815-2870,9732451868,Male,Indonesia
Bord,Ivanchikov,bivanchikovlh@sun.com,yl3tCK8r,780-937-8785,9337201236,Male,China
Penn,Casa,pcasali@cargocollective.com,OBsSDFizdike,155-429-0127,5474726911,Male,Indonesia
Kirk,Crocombe,kcrocombelj@mapy.cz,sJ2yCo,867-812-7018,6912234029,Male,Philippines
Urbanus,O'Reagan,uoreaganlk@nbcnews.com,ibUAs354fq,335-520-5067,6168583203,Male,Japan
Eran,Crannage,ecrannagell@home.pl,0RapAYei8aAg,702-540-0080,5288564092,Female,Brazil
Jacinda,Gennerich,jgennerichlm@ehow.com,Znu7WW7X9I8A,737-983-2567,1335082893,Female,Finland
Lauritz,Carlile,lcarlileln@craigslist.org,O8gP74ralwV,493-590-7439,1311782434,Male,Marshall Islands
Enriqueta,Windsor,ewindsorlo@merriam-webster.com,m75r6qkfl,889-922-0764,7283650390,Female,Russia
Boote,Vasyutochkin,bvasyutochkinlp@independent.co.uk,OWoVp3NKLEdr,414-766-0009,7054266576,Male,United States
Bennett,McGinly,bmcginlylq@1und1.de,BMrKLp0h,795-495-9282,2956134860,Male,Ukraine
Dian,Burless,dburlesslr@sciencedaily.com,qgkUJM7GIhVk,281-350-2282,1041430890,Female,Canada
Carver,Mines,cminesls@unblog.fr,xFUomu,562-926-6029,4973894305,Male,Indonesia
Jenn,Cottham,jcotthamlt@disqus.com,9akUHn4,399-549-1855,5002630430,Female,Russia
Brittaney,Lynthal,blynthallu@drupal.org,vhgcCc,153-189-1339,9293647310,Female,Thailand
Irina,Littlemore,ilittlemorelv@usda.gov,gwrrzQ6FrdP,311-586-9903,3701612827,Female,China
Tracee,Kobisch,tkobischlw@biglobe.ne.jp,dDHBuy1ZxHY,426-775-5826,6651410355,Female,Mauritania
Arvy,Skaif,askaiflx@ft.com,qK8fZx,377-807-9276,3795230640,Male,France
Madella,Lodden,mloddenly@jalbum.net,CS0eNOYVBZS,830-491-0891,4676943447,Genderfluid,Brazil
Trip,Ebanks,tebankslz@ezinearticles.com,DNKp32atq,633-610-7748,3282863348,Male,Thailand
Susanna,Rains,srainsm0@alexa.com,A9Eavdf2lB,978-138-9573,8149275217,Female,Poland
Gay,Bilby,gbilbym1@hatena.ne.jp,I10aP8,858-661-7553,4746772720,Male,Guatemala
Liam,Eskrigg,leskriggm2@springer.com,HakQUJq,865-929-3301,8117061628,Male,Czech Republic
Mordy,Esposita,mespositam3@earthlink.net,mLzOhN,411-494-6107,7084002462,Male,Czech Republic
Onfroi,Stother,ostotherm4@ezinearticles.com,D1bV1ckzNva9,379-878-5906,6661195964,Male,Denmark
Kristine,Smitherman,ksmithermanm5@fastcompany.com,AES2FPy,249-263-4110,1252471781,Female,Azerbaijan
Herold,Garlette,hgarlettem6@free.fr,YT6vKkh0Q,331-537-9854,4712542206,Male,Russia
Bryna,Willas,bwillasm7@jugem.jp,AlzC4cM,461-821-8188,6902888579,Female,Russia
Drona,Simchenko,dsimchenkom8@hhs.gov,M43YlQ,429-945-5735,5207255057,Female,Tunisia
Court,Babar,cbabarm9@nydailynews.com,H1owNa,870-603-9482,6533693461,Male,Finland
Myrtia,Mattimoe,mmattimoema@berkeley.edu,CoR7ZuN,375-867-6241,5375263312,Female,Indonesia
Artemus,Dunabie,adunabiemb@hc360.com,MekQNmtLI,481-781-0143,6987815489,Male,Russia
My,Brunsen,mbrunsenmc@bandcamp.com,mJOhEL,725-373-4767,5879144766,Male,China
Berke,O'Cuddie,bocuddiemd@dot.gov,fWUSJxobKO,781-448-6935,9071133081,Male,Indonesia
Ron,Corbet,rcorbetme@cdc.gov,KY4u5hMDgbFT,815-514-0904,2419690537,Male,China
Fawne,Holdron,fholdronmf@guardian.co.uk,7H1WNL,687-178-4800,4045046640,Female,China
Sargent,Martell,smartellmg@jiathis.com,O3CnzONxF97k,863-889-8121,9125424676,Male,Indonesia
Bethina,Paddock,bpaddockmh@cnbc.com,plH6BLCOg,573-265-7633,3106890946,Female,Indonesia
Dorey,Antrum,dantrummi@xinhuanet.com,oZotx3Aql,787-717-3348,6924834919,Male,Indonesia
Jocko,Danett,jdanettmj@tuttocitta.it,npkYmVcr6mB,981-535-4596,1785956908,Male,Botswana
Edmon,Heyball,eheyballmk@edublogs.org,KWR8d1S0SSV5,419-903-4856,2038964654,Male,China
Ryan,McCleary,rmcclearyml@surveymonkey.com,q4Mtjf,325-911-6161,6647839675,Male,Portugal
Babs,Joselevitch,bjoselevitchmm@columbia.edu,fzyxfz6RTo,799-901-5915,1112254370,Female,Brazil
Brod,Webland,bweblandmn@java.com,yzVp0aL47n7d,604-593-1720,4078276024,Male,Sweden
Harriot,McConnell,hmcconnellmo@businessinsider.com,XJghvKbKJOF,496-487-7143,8809961290,Female,Finland
Elbertina,Kernes,ekernesmp@typepad.com,HfBM2CN4,275-125-3246,5083170403,Female,Russia
Mira,Coltart,mcoltartmq@virginia.edu,0fNxzUjEe14T,927-956-2876,2291243244,Agender,Lithuania
Cathi,Tohill,ctohillmr@ucla.edu,bKO1e3q0MZ,455-353-3192,7835929015,Female,Colombia
Ly,Abotson,labotsonms@php.net,LL2VS11go,651-256-5325,1257390262,Male,China
Robbie,Covotto,rcovottomt@lulu.com,T0FgEvqjV3,582-307-0297,2592971494,Male,Japan
Brody,Boor,bboormu@nifty.com,a2u7jsNRSa,590-631-6945,9232851392,Male,Honduras
Blanch,Whitewood,bwhitewoodmv@illinois.edu,6RL9l4GglyYx,914-990-6486,4872915323,Female,Portugal
Gannie,Logesdale,glogesdalemw@home.pl,PI684C5,264-590-7188,5481917021,Male,China
Sherlock,Tuxwell,stuxwellmx@artisteer.com,Px0fWh,320-127-0507,8747708571,Male,China
Abeu,Crippen,acrippenmy@parallels.com,sCnZC41msY,356-106-5307,9397694420,Genderqueer,Indonesia
Gertruda,Edser,gedsermz@samsung.com,B51I2kIwRP9m,837-965-6186,5587319478,Female,China
Maxwell,Peasee,mpeaseen0@google.com.br,QuK3pDIvEY3l,285-205-0853,9121744526,Male,China
Joyann,Edsall,jedsalln1@vk.com,WL7PxcRk,952-306-1548,6636079236,Female,Philippines
Cosette,Piperley,cpiperleyn2@utexas.edu,AfTsAa9N,532-333-2401,1001860139,Female,Portugal
Daniella,Tonry,dtonryn3@unc.edu,VxUDVU1Q64,822-857-8392,6092489911,Female,China
Carlynn,Grigorushkin,cgrigorushkinn4@mozilla.org,x3DKYU21XC,170-796-5917,9347880715,Genderfluid,Russia
Alyse,Sclater,asclatern5@360.cn,ygKF8j0,722-614-9350,1407519109,Female,Mexico
Ondrea,Ingerson,oingersonn6@feedburner.com,omqVXc1CS,148-779-3007,2177023691,Genderqueer,Argentina
Karly,Collcott,kcollcottn7@yellowpages.com,N5z8AsmN,432-320-5377,7206480453,Female,Indonesia
Carlin,Eastman,ceastmann8@newyorker.com,NZGFuFL,907-841-0071,7474855972,Female,Sweden
Maxie,Iacovino,miacovinon9@sourceforge.net,EzP1Kkb,321-186-2070,2675447631,Male,Papua New Guinea
Nial,Asipenko,nasipenkona@aol.com,fYizTapUrho,776-339-3539,1985801332,Male,Uganda
Chrotoem,Ladewig,cladewignb@google.com.br,vuuNpn6T8gm,668-158-6625,9589193160,Male,Croatia
Flem,Duns,fdunsnc@economist.com,p6GkLm,625-177-6561,7711795194,Male,Indonesia
Bartholomeus,Rowledge,browledgend@sourceforge.net,ys5DJEA,406-725-4629,3811774193,Bigender,Mauritius
Saree,Rubee,srubeene@uiuc.edu,ZkUzGC3,372-941-7313,8529480026,Female,Venezuela
Jocelyn,Capoun,jcapounnf@ustream.tv,5LVBzZ4IZgBt,674-992-2757,7422706705,Female,Russia
Shea,Checketts,scheckettsng@ehow.com,uv24JY9UC,216-902-7295,5401314508,Male,Russia
Jolene,Roj,jrojnh@cafepress.com,5sbIVYX,479-749-5529,7373097387,Female,Sweden
Brooke,Konerding,bkonerdingni@cloudflare.com,aBdLKzY7fle,743-833-4786,2202481794,Female,China
Martyn,Neeves,mneevesnj@icio.us,GmHGLuZgG2JC,415-670-4755,1008371243,Male,Brazil
Emmalyn,Shieldon,eshieldonnk@zimbio.com,yjELkz,606-182-8812,9136376580,Female,Russia
Ring,Hockey,rhockeynl@geocities.jp,7eirzJd,978-360-0132,9933296618,Male,Indonesia
Mersey,Senechault,msenechaultnm@slashdot.org,hYj46wPoMS8,165-529-1365,7926634316,Female,Russia
Ted,Currall,tcurrallnn@eepurl.com,643cPBsS,739-620-4611,6602689414,Female,China
Johna,Flips,jflipsno@auda.org.au,0z2zd6D14,552-833-3419,3373159514,Female,Austria
Lief,Stuehmeyer,lstuehmeyernp@miibeian.gov.cn,2JxazsAZ2,397-642-2475,7781657504,Genderqueer,Brazil
Zachery,Gillies,zgilliesnq@yellowpages.com,iVpXP4tOIkR,747-442-2938,6057258916,Agender,France
Eben,Christer,echristernr@wikipedia.org,oTIMPXPmN,272-262-8179,1471391991,Male,Russia
Brigida,Chillistone,bchillistonens@ibm.com,soAeLkpJoYn,543-791-9512,5513698486,Female,Republic of the Congo
Bayard,Soda,bsodant@theglobeandmail.com,XMBGHqVScD,306-783-5032,6629446787,Male,Philippines
Cordey,Jakovijevic,cjakovijevicnu@de.vu,emozk9,555-479-3126,8719922249,Female,Peru
Robinson,Worsfield,rworsfieldnv@rakuten.co.jp,EEUTauY,820-615-6274,5915078193,Male,Bulgaria
Adara,Gooden,agoodennw@amazonaws.com,EqBWssOYumSW,933-573-4419,8012078806,Female,Indonesia
Edgardo,Guisot,eguisotnx@census.gov,TYp9uuoU8zaZ,699-838-9128,6878749325,Male,Chad
Tallia,Van Baaren,tvanbaarenny@mac.com,WMMgIw,447-584-5218,3073698535,Female,Mexico
Ambros,Heaford,aheafordnz@bbc.co.uk,YjXZcD,921-161-9339,6708085343,Male,Indonesia
Shep,Eddisforth,seddisfortho0@devhub.com,QuBZgX5hPiG,604-505-8084,5471614545,Male,Japan
Brantley,Haselup,bhaselupo1@chron.com,aqFSLV,232-578-2687,7069918295,Male,China
Martha,Bloxham,mbloxhamo2@noaa.gov,vq3NQoLQu0,823-304-5680,1809771066,Female,China
Yehudit,Duny,ydunyo3@seesaa.net,QW4EMqbdXkB,392-137-8440,8586386545,Male,France
Christy,Adanez,cadanezo4@bbc.co.uk,3gXDfiDKH,319-615-1217,9488514518,Female,Indonesia
Giuseppe,Decourcy,gdecourcyo5@surveymonkey.com,sFe03b5d,475-785-4224,3288279975,Male,Sweden
Katee,Meaden,kmeadeno6@rediff.com,PnYtZOGws8AO,203-403-3459,5248358941,Female,Greece
Nanine,Algeo,nalgeoo7@goo.gl,dOFlgkw0q,967-787-2422,8977930626,Female,France
Rhett,Thoresbie,rthoresbieo8@goo.gl,MIHRvj3gl,480-357-5388,4848225495,Male,United States
Brandais,Quantrill,bquantrillo9@wp.com,nwONeO,510-224-7903,4594736669,Agender,Greece
Andonis,Ribbon,aribbonoa@i2i.jp,z48ZH6,866-683-8491,4021016430,Male,Ukraine
Manuel,Espadate,mespadateob@ft.com,wSpFhXgAf,168-567-4369,9109800135,Male,Tunisia
Locke,Aronin,laroninoc@ebay.com,tAKOKBdeFj29,570-589-9868,3197064784,Male,Nigeria
Rodd,Furmston,rfurmstonod@phpbb.com,8EcBwpiFg,134-974-1619,7723350664,Male,Philippines
Moises,Fannin,mfanninoe@tiny.cc,L9RS2X,328-250-4498,7116081813,Genderqueer,Russia
Trudy,Deme,tdemeof@imageshack.us,tSxxVnrAgV,948-145-3383,5652860079,Female,China
Eliza,Knevet,eknevetog@dion.ne.jp,xhau6n2jg1w1,475-808-3946,6542741506,Female,China
Benny,Esmead,besmeadoh@columbia.edu,QoLYRu,917-855-3535,2255865160,Male,Morocco
Mal,Kropp,mkroppoi@dedecms.com,Xm3tNnOXn,853-435-9312,9518052705,Male,Ukraine
Gustavo,Camelia,gcameliaoj@abc.net.au,2q4CHlV,585-530-9877,5488932255,Male,Central African Republic
Lissie,Pillifant,lpillifantok@addthis.com,VEAgrgvCIjhu,437-469-6463,8342273679,Female,China
Del,Shitliffe,dshitliffeol@desdev.cn,IBzlB2eA89,403-578-5113,9994245749,Male,China
Wade,Kettle,wkettleom@scientificamerican.com,XhsadTGmxQX,489-757-2190,7971937682,Male,Slovenia
Elle,Trenfield,etrenfieldon@jalbum.net,VhBXWAucImVb,852-242-5618,3511764023,Female,China
Johannah,Pullan,jpullanoo@gov.uk,gUYe4JgF5ldb,344-357-7514,5268964883,Female,Ukraine
Florry,Frandsen,ffrandsenop@bigcartel.com,7QKIdZ2,839-411-5324,5697511666,Female,Indonesia
Sylvester,Milella,smilellaoq@domainmarket.com,kMspJlTu,616-829-0333,6605198999,Genderfluid,Indonesia
Rowland,Grogono,rgrogonoor@51.la,RodohwtoO,722-978-0380,3704317665,Male,Brazil
Barnabe,Andrzejczak,bandrzejczakos@yahoo.com,PjUzT1si,743-944-8445,7054244955,Male,Indonesia
Roxanne,Warlow,rwarlowot@usatoday.com,scYwge,489-612-8819,1462798611,Polygender,Portugal
Lewiss,Skamal,lskamalou@theguardian.com,J5RqwoSO3Vr,146-554-9290,5808172582,Male,Cuba
Shandee,Batho,sbathoov@apache.org,eGEBrc,622-499-0923,2044028193,Female,China
Iris,Treece,itreeceow@hc360.com,b1xWqCR,481-491-5583,5688411849,Female,El Salvador
Gray,Warret,gwarretox@discuz.net,kULzqbbamoUd,466-831-2338,8059497960,Male,Argentina
Lorine,Annies,lanniesoy@eepurl.com,2bjmUx8m7Cdz,584-857-7607,9492232572,Female,Brazil
Kellby,Adams,kadamsoz@mac.com,45lcYPGfG,209-163-9023,1187374779,Male,Slovenia
Aylmer,Bellhouse,abellhousep0@163.com,955WVrxLw7,204-487-3760,3882622774,Male,Russia
Nerta,Waberer,nwabererp1@archive.org,5j6c2Nydwp,248-862-6129,3127640781,Female,United Kingdom
Marlin,Reeme,mreemep2@nbcnews.com,NSkHE5,367-390-5471,7561684913,Male,South Korea
Genvieve,Gransden,ggransdenp3@topsy.com,alzlF66yIkg,878-160-4322,2561193052,Female,Dominican Republic
Chris,Phillcox,cphillcoxp4@nationalgeographic.com,E8HrGWA,164-939-5496,5366810153,Female,Hungary
Paquito,Marlor,pmarlorp5@wp.com,pZAHv2PnLS,358-337-2438,8839834511,Male,China
Lemmie,Twycross,ltwycrossp6@arizona.edu,I3gsmsHyKQ,562-878-5446,1032923993,Male,Portugal
Ethan,Blaisdale,eblaisdalep7@dailymotion.com,eoFpgDQ5,483-299-3127,4527369044,Male,Indonesia
Loren,Ayrton,layrtonp8@reverbnation.com,tju4rcSXeJFC,566-765-7056,2891753401,Male,Indonesia
Sharon,Wisdom,swisdomp9@altervista.org,e5NHM3,538-999-7368,3486410234,Female,Indonesia
Barnie,Bill,bbillpa@freewebs.com,siblch2ao,507-415-5355,1053825338,Male,China
Daria,Roughsedge,droughsedgepb@chronoengine.com,Us6pBIM8HZ,984-771-9118,6328902086,Female,Indonesia
Parke,Ferres,pferrespc@comsenz.com,5ObUDhCJn,346-591-9662,1313092176,Male,Indonesia
Livvyy,Geaveny,lgeavenypd@delicious.com,CHoER2Ui5,415-678-8922,3458863327,Female,Montenegro
Christoforo,Jacquemot,cjacquemotpe@nbcnews.com,cs7NCTfH,134-784-0644,9922880301,Male,Ukraine
Tess,Lightning,tlightningpf@hugedomains.com,n4ZpBfaMFKvz,152-787-4451,3458077153,Genderfluid,Nigeria
Tedd,Blencowe,tblencowepg@businessinsider.com,cwOgIfTAKVK,702-425-2384,7515292982,Male,United States
Ardith,Vernau,avernauph@tripod.com,t2bHYK,553-633-1877,8789671542,Female,Russia
Adrea,Labro,alabropi@nytimes.com,dOJTeegTO,344-137-9742,5552382836,Female,Sweden
Gisella,Jaine,gjainepj@redcross.org,julgFYoNjQxy,991-723-0331,1875485074,Female,Brazil
Wenonah,MacCartney,wmaccartneypk@bing.com,SWtqPL6gJ,205-898-3567,4373463142,Female,United States
Kelcey,Wales,kwalespl@4shared.com,mPAIp4Nn2,475-198-9308,2788749160,Female,Venezuela
Rodd,Savoury,rsavourypm@youku.com,os8bxyOnt0s,174-988-7438,3346041035,Non-binary,Philippines
Free,Shearme,fshearmepn@symantec.com,g6q8IAS,970-240-2740,9334345194,Male,Canada
Sandra,Roubeix,sroubeixpo@goo.gl,wBKCx089Hg,127-259-5897,1143683261,Female,Russia
Dode,Aitchinson,daitchinsonpp@domainmarket.com,I1Wx8nLS,946-995-0891,5528378641,Female,Portugal
Alaric,Sprague,aspraguepq@engadget.com,xBTUCroeJKEJ,381-810-1773,5929519313,Genderfluid,Peru
Teodora,MacCartair,tmaccartairpr@tripadvisor.com,gPk22h,407-240-9266,4278011364,Female,Argentina
Tammi,Mundwell,tmundwellps@godaddy.com,TSrlxvGMd2Y,214-434-8265,1822789397,Female,United States
Bob,Beckers,bbeckerspt@amazon.de,q5Q7wikv,738-472-4044,7855773685,Male,France
Pascale,Bruyet,pbruyetpu@prnewswire.com,BEDldcbyjAi,211-633-0976,5369924811,Male,China
Florencia,Champe,fchampepv@senate.gov,euTPsQOeUe,901-835-6414,2719328585,Female,Portugal
Mercy,Feldmus,mfeldmuspw@ucsd.edu,uPNt1jG2,240-788-4520,8803573191,Female,Indonesia
Zak,Shorto,zshortopx@senate.gov,CHtQBuwgj,113-211-5931,7956392867,Male,Netherlands
Fritz,Chart,fchartpy@myspace.com,7P4EOAftvgzr,633-156-9162,2555562433,Male,Russia
Brianne,Grishkov,bgrishkovpz@phoca.cz,wwQYOROhy,388-763-5990,2988583991,Female,Colombia
Merill,Crookshanks,mcrookshanksq0@shop-pro.jp,5QWabA07,789-366-9445,7345821231,Male,Indonesia
Holly-anne,Moquin,hmoquinq1@cam.ac.uk,sEAeaKnS,857-858-1703,9663249031,Female,Greece
Herve,Hugonet,hhugonetq2@nytimes.com,d5xEzHJospx,918-335-5170,7118919960,Male,Philippines
Bartholomew,Georger,bgeorgerq3@dmoz.org,aFeOmcE,342-954-9035,8226478570,Male,Indonesia
Sofie,O'Hare,sohareq4@gmpg.org,SOtJGZZ,846-332-3309,8515884391,Female,South Africa
Shelley,Cottie,scottieq5@feedburner.com,6wYeJs5lV,115-758-2176,4837654970,Non-binary,Czech Republic
Ricoriki,Trouel,rtrouelq6@amazon.com,ELI8vZh8MD,604-857-2925,3278917979,Male,China
Della,Richard,drichardq7@virginia.edu,wj872RIOld,498-348-3072,4476829435,Female,Libya
Hermina,Barensen,hbarensenq8@shutterfly.com,gQfW73Cnq,981-779-9804,5262842266,Female,Czech Republic
Greggory,Beau,gbeauq9@ocn.ne.jp,tJpuouaT08bn,285-520-9039,6693354987,Male,Ukraine
Latrena,Moorerud,lmoorerudqa@drupal.org,MfE66IT,248-770-9985,9669719249,Female,China
Adamo,Mayger,amaygerqb@friendfeed.com,T7qKvny,569-296-4579,4416197212,Agender,Pakistan
Ingelbert,Boeter,iboeterqc@canalblog.com,nrLR1HGyP4,175-978-2587,4833827645,Male,Indonesia
Artie,July,ajulyqd@spotify.com,d5mTYz1q,117-452-8911,6776910127,Male,Madagascar
Calli,Pimme,cpimmeqe@google.co.jp,orVyoK,252-697-8837,4079921934,Female,Iran
Felicdad,Fysh,ffyshqf@storify.com,tG8ozN7s,191-946-8835,5626598777,Female,Kenya
Erie,Blackesland,eblackeslandqg@quantcast.com,uKvQHQ,808-805-3647,9974408633,Male,United States
Tessy,Elldred,telldredqh@comcast.net,6WoUWt,337-140-9003,8676373035,Female,Argentina
Luis,Thackston,lthackstonqi@dot.gov,AUUamP,792-603-5849,7149876962,Male,Russia
Witty,Ravenscroftt,wravenscrofttqj@instagram.com,Vbak23,149-873-7647,6225262447,Male,Swaziland
Maxwell,Ajean,majeanqk@last.fm,Fo3JPj0Hoa9,500-906-8199,2535519635,Male,Philippines
Nydia,Pinkett,npinkettql@mapy.cz,dVzjudRD,724-477-1658,3188169857,Female,China
Reggie,Murrell,rmurrellqm@edublogs.org,gid9YZpf,150-541-2714,6097294201,Male,Indonesia
Neville,Welsby,nwelsbyqn@ebay.com,WLvcP1My,134-983-2167,7678680049,Male,Malta
Izak,Hawse,ihawseqo@europa.eu,ZTvymAW0qgc,227-315-6427,1193684760,Male,Canada
Hamish,Killingbeck,hkillingbeckqp@uol.com.br,LBP9OwX,128-150-4052,2912054022,Male,China
Batholomew,Konneke,bkonnekeqq@house.gov,qSgr0m8vYE,918-683-7039,4744542095,Male,Poland
Ester,Comelli,ecomelliqr@mail.ru,k2dfJxqeAP,124-305-3111,5642259127,Female,Brazil
Freedman,Heggie,fheggieqs@elpais.com,83AsTqyLN,530-406-0083,3294753437,Male,Philippines
Cindelyn,Farnsworth,cfarnsworthqt@123-reg.co.uk,bv2Q1MRCKLBN,369-968-3612,5654695233,Female,China
Ruttger,Labin,rlabinqu@newsvine.com,dcZJVJ,244-432-8687,4702627808,Male,Brazil
Lucia,Durtnell,ldurtnellqv@alexa.com,nJxniwT9Av,671-578-6044,9075332093,Female,Vietnam
Perri,Gergely,pgergelyqw@xing.com,dD77V88Vy0U2,398-324-0149,3455133880,Female,Philippines
Lorena,Creagh,lcreaghqx@sun.com,ivVHOlL0kk,352-256-8274,7256581582,Female,Ukraine
Dorice,Astling,dastlingqy@wisc.edu,vekxhK7Ngtn,235-656-9942,3732213196,Female,Dominican Republic
Suzi,Mintrim,smintrimqz@indiatimes.com,1txFZVEg,823-704-7864,4407307357,Female,Greece
Herve,Crouse,hcrouser0@quantcast.com,l9yoB1xQ,119-163-1145,4089518798,Male,Indonesia
Rosemary,Lowry,rlowryr1@edublogs.org,wxgemD1DGm,996-644-1830,6708475997,Female,Serbia
Korrie,Sarson,ksarsonr2@ihg.com,LKpb9VO0ohub,215-455-9142,6399851662,Female,Azerbaijan
Filippa,Flagg,fflaggr3@sina.com.cn,ccL142IoT,725-649-7977,7582086641,Female,Argentina
Worden,O'Sherin,wosherinr4@time.com,MHdfMihz,121-890-1228,1554822819,Male,Russia
Scot,McReynold,smcreynoldr5@utexas.edu,kzvlFmQoDA,887-100-8317,3942882269,Male,Japan
Lebbie,Baldung,lbaldungr6@craigslist.org,1nvtWPl8ZAg,727-167-5124,7456226615,Female,Poland
Teirtza,Le Friec,tlefriecr7@rambler.ru,JJeWJy,143-555-3588,6535526415,Agender,China
Faun,Capelle,fcapeller8@jugem.jp,jhUNaFUG6d,208-815-4031,5963032597,Female,Serbia
Tyson,Ryle,tryler9@go.com,dYhBb2lGpX7C,209-421-9787,5174251163,Male,Brazil
Antonio,Ough,aoughra@youtu.be,Fn1yhAFiovf,860-768-1026,6135507686,Male,Poland
Leanora,Ovesen,lovesenrb@foxnews.com,jreexeMBke9,317-491-9434,5117597567,Female,South Africa
Sheffie,Dockrey,sdockreyrc@house.gov,acxzNpz,345-539-1315,4636359394,Male,Philippines
Rice,Kohnemann,rkohnemannrd@about.me,C6EZEgS,585-319-9949,9875417424,Male,China
Niko,Harberer,nharbererre@discovery.com,oowCGBov,461-890-8914,1586440402,Male,Tunisia
Piotr,Oxe,poxerf@miibeian.gov.cn,IXSlA2EYTds8,372-666-4945,7488652029,Genderqueer,France
Christian,Lorenzetti,clorenzettirg@last.fm,utCtKTX62,122-928-9311,5672515085,Male,Indonesia
Gilly,Poulett,gpoulettrh@mlb.com,5ptoNMm,271-772-3841,8418661468,Female,China
Ava,Mingard,amingardri@globo.com,dCMadAe,662-682-1953,8294142405,Female,Indonesia
Carly,Clampton,cclamptonrj@technorati.com,J8uDcc,590-506-7215,2181347026,Female,Cameroon
Chevalier,Paradin,cparadinrk@epa.gov,iZ9OIiBPPh,472-880-2482,9001492480,Male,Indonesia
Lesley,Arkow,larkowrl@hatena.ne.jp,5EurvOrUPnBh,576-985-2187,1204610735,Female,Tunisia
Sydelle,Letts,slettsrm@networksolutions.com,m9rrwAMf9y,690-756-2385,9461583810,Genderfluid,Czech Republic
Hodge,Crawley,hcrawleyrn@trellian.com,QdGkyJqNb,706-794-3891,5649475596,Male,Morocco
Allene,Antoney,aantoneyro@google.com.br,Ij1cd0LD1M,184-225-7272,3836291164,Polygender,China
Noreen,Lourenco,nlourencorp@wikimedia.org,p1e4Nx,891-986-8101,6156638819,Female,Brazil
Lydon,Cleland,lclelandrq@hhs.gov,VeM0pIThImZX,860-914-0622,5539682426,Male,China
Rogerio,Lillecrop,rlillecroprr@aol.com,0oa55x,181-686-7855,4866597908,Male,Bosnia and Herzegovina
